{"0": {"x1": 421.8775634765625, "y1": 129.15921020507812, "x2": 447.90277099609375, "y2": 147.3046875, "classId": "car", "frame_number": 960.0, "NN_threshold": 0.5, "Area_percentage": 0.5}, "1": {"x1": 342.257568359375, "y1": 92.7074966430664, "x2": 351.1634521484375, "y2": 98.6221923828125, "classId": "car", "frame_number": 960.0, "NN_threshold": 0.5, "Area_percentage": 0.5}, "2": {"x1": 340.6486511230469, "y1": 88.70755004882812, "x2": 350.9878234863281, "y2": 98.46868896484375, "classId": "car", "frame_number": 960.0, "NN_threshold": 0.5, "Area_percentage": 0.5}, "3": {"x1": 338.5370788574219, "y1": 81.2137451171875, "x2": 346.6401672363281, "y2": 86.98567962646484, "classId": "car", "frame_number": 960.0, "NN_threshold": 0.5, "Area_percentage": 0.5}, "4": {"x1": 342.849365234375, "y1": 85.74698638916016, "x2": 349.37017822265625, "y2": 90.92942810058594, "classId": "car", "frame_number": 960.0, "NN_threshold": 0.5, "Area_percentage": 0.5}}