{"0": {"x1": 537.0963134765625, "y1": 199.70362854003906, "x2": 600.0, "y2": 237.52850341796875, "classId": "car", "frame_number": 1200.0, "NN_threshold": 0.8, "Area_percentage": 0.6}, "1": {"x1": 391.50286865234375, "y1": 114.81300354003906, "x2": 407.16302490234375, "y2": 125.03150939941406, "classId": "car", "frame_number": 1200.0, "NN_threshold": 0.8, "Area_percentage": 0.6}, "2": {"x1": 365.8697814941406, "y1": 115.51602935791016, "x2": 386.1341857910156, "y2": 132.16241455078125, "classId": "car", "frame_number": 1200.0, "NN_threshold": 0.8, "Area_percentage": 0.6}}