{"0": {"x1": 429.6307067871094, "y1": 127.7194595336914, "x2": 457.5789794921875, "y2": 146.49887084960938, "classId": "car", "frame_number": 610.0, "NN_threshold": 0.6, "Area_percentage": 0.5}, "1": {"x1": 193.67689514160156, "y1": 112.86265563964844, "x2": 220.54885864257812, "y2": 134.6655731201172, "classId": "car", "frame_number": 610.0, "NN_threshold": 0.6, "Area_percentage": 0.5}, "2": {"x1": 358.0574645996094, "y1": 90.50324249267578, "x2": 366.146484375, "y2": 96.43096923828125, "classId": "car", "frame_number": 610.0, "NN_threshold": 0.6, "Area_percentage": 0.5}, "3": {"x1": 291.9156799316406, "y1": 75.775634765625, "x2": 299.2185974121094, "y2": 82.91056060791016, "classId": "car", "frame_number": 610.0, "NN_threshold": 0.6, "Area_percentage": 0.5}}