{"0": {"x1": 229.56288146972656, "y1": 96.23621368408203, "x2": 244.81785583496094, "y2": 110.47700500488281, "classId": "car", "frame_number": 60.0, "NN_threshold": 0.6, "Area_percentage": 0.7}, "1": {"x1": 280.7830505371094, "y1": 79.68778991699219, "x2": 287.4038391113281, "y2": 86.1012191772461, "classId": "car", "frame_number": 60.0, "NN_threshold": 0.6, "Area_percentage": 0.7}, "2": {"x1": 294.7083435058594, "y1": 79.56082153320312, "x2": 300.2095947265625, "y2": 84.45460510253906, "classId": "car", "frame_number": 60.0, "NN_threshold": 0.6, "Area_percentage": 0.7}}