{"0": {"x1": 365.659423828125, "y1": 120.75833129882812, "x2": 381.7184753417969, "y2": 133.7841033935547, "classId": "car", "frame_number": 1500.0, "NN_threshold": 0.7, "Area_percentage": 0.7}, "1": {"x1": 182.6676483154297, "y1": 127.21342468261719, "x2": 216.24147033691406, "y2": 149.52828979492188, "classId": "car", "frame_number": 1500.0, "NN_threshold": 0.7, "Area_percentage": 0.7}, "2": {"x1": 359.346923828125, "y1": 99.25765991210938, "x2": 367.84600830078125, "y2": 106.97115325927734, "classId": "car", "frame_number": 1500.0, "NN_threshold": 0.7, "Area_percentage": 0.7}, "3": {"x1": 338.4500427246094, "y1": 89.00189971923828, "x2": 349.8631591796875, "y2": 97.0882339477539, "classId": "car", "frame_number": 1500.0, "NN_threshold": 0.7, "Area_percentage": 0.7}}