{"0": {"x1": 400.4176330566406, "y1": 111.61669158935547, "x2": 418.96258544921875, "y2": 125.62215423583984, "classId": "car", "frame_number": 630.0, "NN_threshold": 0.6, "Area_percentage": 0.6}, "1": {"x1": 353.7667541503906, "y1": 86.81790924072266, "x2": 361.39312744140625, "y2": 92.99601745605469, "classId": "car", "frame_number": 630.0, "NN_threshold": 0.6, "Area_percentage": 0.6}, "2": {"x1": 131.1391143798828, "y1": 131.48886108398438, "x2": 175.1439971923828, "y2": 163.92245483398438, "classId": "car", "frame_number": 630.0, "NN_threshold": 0.6, "Area_percentage": 0.6}, "3": {"x1": 290.17022705078125, "y1": 75.83295440673828, "x2": 297.8995666503906, "y2": 83.88473510742188, "classId": "car", "frame_number": 630.0, "NN_threshold": 0.6, "Area_percentage": 0.6}, "4": {"x1": 341.2251281738281, "y1": 76.12859344482422, "x2": 349.5736389160156, "y2": 84.9390869140625, "classId": "car", "frame_number": 630.0, "NN_threshold": 0.6, "Area_percentage": 0.6}, "5": {"x1": 290.0565185546875, "y1": 79.31456756591797, "x2": 297.7144470214844, "y2": 85.30375671386719, "classId": "car", "frame_number": 630.0, "NN_threshold": 0.6, "Area_percentage": 0.6}}