{"0": {"x1": 437.3831481933594, "y1": 119.64087677001953, "x2": 518.4166259765625, "y2": 178.221435546875, "classId": "truck", "frame_number": 1030.0, "NN_threshold": 0.5, "Area_percentage": 0.5}, "1": {"x1": 370.92724609375, "y1": 118.39656066894531, "x2": 389.3161926269531, "y2": 132.29672241210938, "classId": "car", "frame_number": 1030.0, "NN_threshold": 0.5, "Area_percentage": 0.5}, "2": {"x1": 366.3445739746094, "y1": 98.04071807861328, "x2": 377.0483703613281, "y2": 106.40599060058594, "classId": "car", "frame_number": 1030.0, "NN_threshold": 0.5, "Area_percentage": 0.5}, "3": {"x1": 283.29840087890625, "y1": 84.34419250488281, "x2": 292.16046142578125, "y2": 93.16789245605469, "classId": "car", "frame_number": 1030.0, "NN_threshold": 0.5, "Area_percentage": 0.5}, "4": {"x1": 334.7854309082031, "y1": 83.5745620727539, "x2": 343.03167724609375, "y2": 90.52565002441406, "classId": "car", "frame_number": 1030.0, "NN_threshold": 0.5, "Area_percentage": 0.5}}