{"0": {"x1": 239.55560302734375, "y1": 107.68605041503906, "x2": 256.18646240234375, "y2": 120.41946411132812, "classId": "car", "frame_number": 1460.0, "NN_threshold": 0.6, "Area_percentage": 0.5}, "1": {"x1": 413.60986328125, "y1": 167.88063049316406, "x2": 451.59844970703125, "y2": 195.67823791503906, "classId": "car", "frame_number": 1460.0, "NN_threshold": 0.6, "Area_percentage": 0.5}, "2": {"x1": 372.059814453125, "y1": 105.38642883300781, "x2": 383.4833984375, "y2": 115.06783294677734, "classId": "car", "frame_number": 1460.0, "NN_threshold": 0.6, "Area_percentage": 0.5}, "3": {"x1": 347.2427978515625, "y1": 92.79658508300781, "x2": 354.93280029296875, "y2": 100.16263580322266, "classId": "car", "frame_number": 1460.0, "NN_threshold": 0.6, "Area_percentage": 0.5}}