{"0": {"x1": 468.66168212890625, "y1": 155.4436798095703, "x2": 512.7942504882812, "y2": 185.70181274414062, "classId": "car", "frame_number": 1270.0, "NN_threshold": 0.7, "Area_percentage": 0.5}, "1": {"x1": 384.16375732421875, "y1": 111.3093490600586, "x2": 397.2574462890625, "y2": 120.39618682861328, "classId": "car", "frame_number": 1270.0, "NN_threshold": 0.7, "Area_percentage": 0.5}, "2": {"x1": 360.67681884765625, "y1": 98.12549591064453, "x2": 368.34503173828125, "y2": 104.30404663085938, "classId": "car", "frame_number": 1270.0, "NN_threshold": 0.7, "Area_percentage": 0.5}, "3": {"x1": 345.08697509765625, "y1": 96.84131622314453, "x2": 354.555908203125, "y2": 105.6855697631836, "classId": "truck", "frame_number": 1270.0, "NN_threshold": 0.7, "Area_percentage": 0.5}, "4": {"x1": 342.4542541503906, "y1": 86.4050521850586, "x2": 350.9544677734375, "y2": 93.99420928955078, "classId": "car", "frame_number": 1270.0, "NN_threshold": 0.7, "Area_percentage": 0.5}}