{"0": {"x1": 478.609130859375, "y1": 160.24566650390625, "x2": 525.4484252929688, "y2": 189.849609375, "classId": "car", "frame_number": 1150.0, "NN_threshold": 0.6, "Area_percentage": 0.7}, "1": {"x1": 449.47601318359375, "y1": 188.26011657714844, "x2": 534.8011474609375, "y2": 247.34332275390625, "classId": "car", "frame_number": 1150.0, "NN_threshold": 0.6, "Area_percentage": 0.7}, "2": {"x1": 345.209228515625, "y1": 89.9825668334961, "x2": 352.389404296875, "y2": 98.34072875976562, "classId": "car", "frame_number": 1150.0, "NN_threshold": 0.6, "Area_percentage": 0.7}, "3": {"x1": 253.12425231933594, "y1": 91.56752014160156, "x2": 273.56707763671875, "y2": 108.69011688232422, "classId": "car", "frame_number": 1150.0, "NN_threshold": 0.6, "Area_percentage": 0.7}, "4": {"x1": 359.3311767578125, "y1": 89.92317962646484, "x2": 374.4840087890625, "y2": 103.92691802978516, "classId": "car", "frame_number": 1150.0, "NN_threshold": 0.6, "Area_percentage": 0.7}}