{"0": {"x1": 509.3383483886719, "y1": 187.6739044189453, "x2": 571.235107421875, "y2": 222.71633911132812, "classId": "car", "frame_number": 1530.0, "NN_threshold": 0.8, "Area_percentage": 0.7}, "1": {"x1": 93.03660583496094, "y1": 165.26986694335938, "x2": 134.405517578125, "y2": 192.87234497070312, "classId": "car", "frame_number": 1530.0, "NN_threshold": 0.8, "Area_percentage": 0.7}, "2": {"x1": 31.710329055786133, "y1": 174.14871215820312, "x2": 111.3424301147461, "y2": 223.06088256835938, "classId": "car", "frame_number": 1530.0, "NN_threshold": 0.8, "Area_percentage": 0.7}, "3": {"x1": 353.1590270996094, "y1": 109.5299301147461, "x2": 364.2772521972656, "y2": 118.3331298828125, "classId": "car", "frame_number": 1530.0, "NN_threshold": 0.8, "Area_percentage": 0.7}, "4": {"x1": 352.7622985839844, "y1": 96.01339721679688, "x2": 360.4945068359375, "y2": 102.56078338623047, "classId": "car", "frame_number": 1530.0, "NN_threshold": 0.8, "Area_percentage": 0.7}}