{"0": {"x1": 370.8341979980469, "y1": 126.6401138305664, "x2": 390.5689392089844, "y2": 141.39169311523438, "classId": "car", "frame_number": 1490.0, "NN_threshold": 0.5, "Area_percentage": 0.5}, "1": {"x1": 203.7416534423828, "y1": 119.6920166015625, "x2": 230.3977508544922, "y2": 138.3052215576172, "classId": "car", "frame_number": 1490.0, "NN_threshold": 0.5, "Area_percentage": 0.5}, "2": {"x1": 361.7054748535156, "y1": 100.1523208618164, "x2": 371.19366455078125, "y2": 108.06907653808594, "classId": "car", "frame_number": 1490.0, "NN_threshold": 0.5, "Area_percentage": 0.5}}