{"0": {"x1": 248.2324981689453, "y1": 80.05272674560547, "x2": 270.9770812988281, "y2": 108.37406158447266, "classId": "truck", "frame_number": 790.0, "NN_threshold": 0.7, "Area_percentage": 0.5}, "1": {"x1": 379.30084228515625, "y1": 123.34805297851562, "x2": 404.53350830078125, "y2": 143.47393798828125, "classId": "car", "frame_number": 790.0, "NN_threshold": 0.7, "Area_percentage": 0.5}, "2": {"x1": 459.0015869140625, "y1": 210.3464813232422, "x2": 544.9214477539062, "y2": 273.44293212890625, "classId": "car", "frame_number": 790.0, "NN_threshold": 0.7, "Area_percentage": 0.5}, "3": {"x1": 384.3436584472656, "y1": 104.6161117553711, "x2": 400.1292419433594, "y2": 116.33675384521484, "classId": "car", "frame_number": 790.0, "NN_threshold": 0.7, "Area_percentage": 0.5}, "4": {"x1": 347.07818603515625, "y1": 95.60919189453125, "x2": 355.9065246582031, "y2": 103.38417053222656, "classId": "car", "frame_number": 790.0, "NN_threshold": 0.7, "Area_percentage": 0.5}, "5": {"x1": 361.43292236328125, "y1": 87.87482452392578, "x2": 375.21337890625, "y2": 102.55640411376953, "classId": "car", "frame_number": 790.0, "NN_threshold": 0.7, "Area_percentage": 0.5}}