{"0": {"x1": 5.7380828857421875, "y1": 104.00790405273438, "x2": 162.2441864013672, "y2": 247.5420684814453, "classId": "truck", "frame_number": 890.0, "NN_threshold": 0.8, "Area_percentage": 0.5}, "1": {"x1": 356.6187744140625, "y1": 105.79930877685547, "x2": 369.2624206542969, "y2": 114.86892700195312, "classId": "car", "frame_number": 890.0, "NN_threshold": 0.8, "Area_percentage": 0.5}, "2": {"x1": 349.6521301269531, "y1": 95.80105590820312, "x2": 359.7298278808594, "y2": 105.85269165039062, "classId": "car", "frame_number": 890.0, "NN_threshold": 0.8, "Area_percentage": 0.5}, "3": {"x1": 352.4713439941406, "y1": 88.73570251464844, "x2": 359.4918212890625, "y2": 95.63163757324219, "classId": "car", "frame_number": 890.0, "NN_threshold": 0.8, "Area_percentage": 0.5}}