{"0": {"x1": 400.4176330566406, "y1": 111.61669158935547, "x2": 418.96258544921875, "y2": 125.62215423583984, "classId": "car", "frame_number": 630.0, "NN_threshold": 0.8, "Area_percentage": 0.7}, "1": {"x1": 353.7667541503906, "y1": 86.81790924072266, "x2": 361.39312744140625, "y2": 92.99601745605469, "classId": "car", "frame_number": 630.0, "NN_threshold": 0.8, "Area_percentage": 0.7}, "2": {"x1": 131.1391143798828, "y1": 131.48886108398438, "x2": 175.1439971923828, "y2": 163.92245483398438, "classId": "car", "frame_number": 630.0, "NN_threshold": 0.8, "Area_percentage": 0.7}, "3": {"x1": 290.17022705078125, "y1": 75.83295440673828, "x2": 297.8995666503906, "y2": 83.88473510742188, "classId": "car", "frame_number": 630.0, "NN_threshold": 0.8, "Area_percentage": 0.7}}