{"0": {"x1": 202.17251586914062, "y1": 89.4766616821289, "x2": 244.9178924560547, "y2": 130.88046264648438, "classId": "truck", "frame_number": 840.0, "NN_threshold": 0.7, "Area_percentage": 0.5}, "1": {"x1": 394.95648193359375, "y1": 142.70201110839844, "x2": 425.6021728515625, "y2": 165.87979125976562, "classId": "car", "frame_number": 840.0, "NN_threshold": 0.7, "Area_percentage": 0.5}, "2": {"x1": 365.7781677246094, "y1": 112.01598358154297, "x2": 384.6142272949219, "y2": 128.625244140625, "classId": "car", "frame_number": 840.0, "NN_threshold": 0.7, "Area_percentage": 0.5}, "3": {"x1": 353.24163818359375, "y1": 101.33182525634766, "x2": 366.41082763671875, "y2": 111.2192153930664, "classId": "car", "frame_number": 840.0, "NN_threshold": 0.7, "Area_percentage": 0.5}, "4": {"x1": 363.6415710449219, "y1": 94.54374694824219, "x2": 372.8994445800781, "y2": 102.33031463623047, "classId": "car", "frame_number": 840.0, "NN_threshold": 0.7, "Area_percentage": 0.5}, "5": {"x1": 339.0503845214844, "y1": 84.58443450927734, "x2": 349.3868713378906, "y2": 95.05317687988281, "classId": "truck", "frame_number": 840.0, "NN_threshold": 0.7, "Area_percentage": 0.5}, "6": {"x1": 351.6417541503906, "y1": 84.05293273925781, "x2": 361.4975280761719, "y2": 95.15567016601562, "classId": "truck", "frame_number": 840.0, "NN_threshold": 0.7, "Area_percentage": 0.5}}