{"0": {"x1": 355.51007080078125, "y1": 99.6699447631836, "x2": 362.5966491699219, "y2": 106.28148651123047, "classId": "car", "frame_number": 1760.0, "NN_threshold": 0.6, "Area_percentage": 0.7}, "1": {"x1": 344.9388122558594, "y1": 103.4797592163086, "x2": 353.0745544433594, "y2": 109.32061004638672, "classId": "car", "frame_number": 1760.0, "NN_threshold": 0.6, "Area_percentage": 0.7}, "2": {"x1": 380.4471130371094, "y1": 111.6370849609375, "x2": 396.4380798339844, "y2": 123.54681396484375, "classId": "car", "frame_number": 1760.0, "NN_threshold": 0.6, "Area_percentage": 0.7}, "3": {"x1": 295.81146240234375, "y1": 96.18209838867188, "x2": 300.6087951660156, "y2": 100.7873306274414, "classId": "car", "frame_number": 1760.0, "NN_threshold": 0.6, "Area_percentage": 0.7}, "4": {"x1": 285.25775146484375, "y1": 96.29529571533203, "x2": 291.2438049316406, "y2": 101.40082550048828, "classId": "car", "frame_number": 1760.0, "NN_threshold": 0.6, "Area_percentage": 0.7}, "5": {"x1": 342.8569641113281, "y1": 93.52022552490234, "x2": 348.0174865722656, "y2": 98.06206512451172, "classId": "car", "frame_number": 1760.0, "NN_threshold": 0.6, "Area_percentage": 0.7}}