{"0": {"x1": 528.0997314453125, "y1": 191.22256469726562, "x2": 598.70751953125, "y2": 229.89559936523438, "classId": "car", "frame_number": 1140.0, "NN_threshold": 0.5, "Area_percentage": 0.8}, "1": {"x1": 525.216552734375, "y1": 254.80250549316406, "x2": 599.8128051757812, "y2": 352.77667236328125, "classId": "car", "frame_number": 1140.0, "NN_threshold": 0.5, "Area_percentage": 0.8}, "2": {"x1": 257.7344055175781, "y1": 91.5747299194336, "x2": 275.7781982421875, "y2": 107.99018859863281, "classId": "car", "frame_number": 1140.0, "NN_threshold": 0.5, "Area_percentage": 0.8}, "3": {"x1": 361.26361083984375, "y1": 90.48457336425781, "x2": 377.94427490234375, "y2": 106.11695861816406, "classId": "truck", "frame_number": 1140.0, "NN_threshold": 0.5, "Area_percentage": 0.8}, "4": {"x1": 346.3670349121094, "y1": 93.23837280273438, "x2": 352.7121276855469, "y2": 100.13481903076172, "classId": "car", "frame_number": 1140.0, "NN_threshold": 0.5, "Area_percentage": 0.8}}