{"0": {"x1": 392.46295166015625, "y1": 105.00304412841797, "x2": 411.0679626464844, "y2": 117.4151611328125, "classId": "car", "frame_number": 260.0, "NN_threshold": 0.8, "Area_percentage": 0.6}, "1": {"x1": 279.8304138183594, "y1": 81.7529296875, "x2": 288.27825927734375, "y2": 87.75499725341797, "classId": "car", "frame_number": 260.0, "NN_threshold": 0.8, "Area_percentage": 0.6}}