{"0": {"x1": 407.6496276855469, "y1": 107.57103729248047, "x2": 454.5906677246094, "y2": 146.35418701171875, "classId": "truck", "frame_number": 1050.0, "NN_threshold": 0.7, "Area_percentage": 0.7}, "1": {"x1": 360.9892578125, "y1": 95.12482452392578, "x2": 369.4576416015625, "y2": 102.24227142333984, "classId": "car", "frame_number": 1050.0, "NN_threshold": 0.7, "Area_percentage": 0.7}, "2": {"x1": 361.856689453125, "y1": 109.60468292236328, "x2": 374.9375915527344, "y2": 120.20842742919922, "classId": "car", "frame_number": 1050.0, "NN_threshold": 0.7, "Area_percentage": 0.7}, "3": {"x1": 280.8076171875, "y1": 86.16085815429688, "x2": 289.6748046875, "y2": 94.53636169433594, "classId": "car", "frame_number": 1050.0, "NN_threshold": 0.7, "Area_percentage": 0.7}}