{"0": {"x1": 347.9306945800781, "y1": 95.93851470947266, "x2": 356.809814453125, "y2": 103.60560607910156, "classId": "car", "frame_number": 900.0, "NN_threshold": 0.5, "Area_percentage": 0.6}, "1": {"x1": 353.3132019042969, "y1": 103.63577270507812, "x2": 364.92694091796875, "y2": 111.3311767578125, "classId": "car", "frame_number": 900.0, "NN_threshold": 0.5, "Area_percentage": 0.6}, "2": {"x1": 351.166748046875, "y1": 88.5616683959961, "x2": 357.2813415527344, "y2": 93.90011596679688, "classId": "car", "frame_number": 900.0, "NN_threshold": 0.5, "Area_percentage": 0.6}, "3": {"x1": 343.1023254394531, "y1": 89.11638641357422, "x2": 350.34967041015625, "y2": 96.43372344970703, "classId": "car", "frame_number": 900.0, "NN_threshold": 0.5, "Area_percentage": 0.6}, "4": {"x1": 295.78216552734375, "y1": 81.39884948730469, "x2": 301.49078369140625, "y2": 86.72581481933594, "classId": "car", "frame_number": 900.0, "NN_threshold": 0.5, "Area_percentage": 0.6}, "5": {"x1": 342.9563293457031, "y1": 92.0125503540039, "x2": 348.91876220703125, "y2": 97.50530242919922, "classId": "car", "frame_number": 900.0, "NN_threshold": 0.5, "Area_percentage": 0.6}, "6": {"x1": 1.068210244178772, "y1": 117.9289779663086, "x2": 111.9527816772461, "y2": 245.67068481445312, "classId": "truck", "frame_number": 900.0, "NN_threshold": 0.5, "Area_percentage": 0.6}}