{"0": {"x1": 507.7100524902344, "y1": 139.0132293701172, "x2": 600.0, "y2": 228.3234100341797, "classId": "truck", "frame_number": 670.0, "NN_threshold": 0.6, "Area_percentage": 0.7}, "1": {"x1": 483.1365661621094, "y1": 149.95965576171875, "x2": 516.2545776367188, "y2": 189.26820373535156, "classId": "car", "frame_number": 670.0, "NN_threshold": 0.6, "Area_percentage": 0.7}, "2": {"x1": 284.0904235839844, "y1": 76.87928009033203, "x2": 293.86431884765625, "y2": 88.1683349609375, "classId": "truck", "frame_number": 670.0, "NN_threshold": 0.6, "Area_percentage": 0.7}, "3": {"x1": 373.0492858886719, "y1": 98.56086730957031, "x2": 384.8666076660156, "y2": 107.09185791015625, "classId": "truck", "frame_number": 670.0, "NN_threshold": 0.6, "Area_percentage": 0.7}, "4": {"x1": 347.7167663574219, "y1": 85.14378356933594, "x2": 353.49163818359375, "y2": 90.49871826171875, "classId": "car", "frame_number": 670.0, "NN_threshold": 0.6, "Area_percentage": 0.7}}