{"0": {"x1": 389.48248291015625, "y1": 145.06724548339844, "x2": 416.1815185546875, "y2": 162.2269287109375, "classId": "car", "frame_number": 1650.0, "NN_threshold": 0.8, "Area_percentage": 0.7}, "1": {"x1": 411.232666015625, "y1": 126.98865509033203, "x2": 432.9365539550781, "y2": 145.0462188720703, "classId": "car", "frame_number": 1650.0, "NN_threshold": 0.8, "Area_percentage": 0.7}}