{"0": {"x1": 396.6276550292969, "y1": 143.50331115722656, "x2": 430.98382568359375, "y2": 172.2818145751953, "classId": "car", "frame_number": 810.0, "NN_threshold": 0.5, "Area_percentage": 0.7}, "1": {"x1": 550.2578735351562, "y1": 294.3702697753906, "x2": 599.7842407226562, "y2": 358.73211669921875, "classId": "car", "frame_number": 810.0, "NN_threshold": 0.5, "Area_percentage": 0.7}, "2": {"x1": 234.86851501464844, "y1": 84.4131851196289, "x2": 262.4457092285156, "y2": 113.8520736694336, "classId": "truck", "frame_number": 810.0, "NN_threshold": 0.5, "Area_percentage": 0.7}, "3": {"x1": 343.1089172363281, "y1": 92.35183715820312, "x2": 350.5140380859375, "y2": 99.00798034667969, "classId": "car", "frame_number": 810.0, "NN_threshold": 0.5, "Area_percentage": 0.7}, "4": {"x1": 364.17828369140625, "y1": 109.51412963867188, "x2": 382.8036804199219, "y2": 124.88875579833984, "classId": "car", "frame_number": 810.0, "NN_threshold": 0.5, "Area_percentage": 0.7}, "5": {"x1": 373.924072265625, "y1": 99.1373062133789, "x2": 386.01019287109375, "y2": 109.22105407714844, "classId": "car", "frame_number": 810.0, "NN_threshold": 0.5, "Area_percentage": 0.7}, "6": {"x1": 356.7228698730469, "y1": 85.64740753173828, "x2": 368.477294921875, "y2": 99.34441375732422, "classId": "car", "frame_number": 810.0, "NN_threshold": 0.5, "Area_percentage": 0.7}, "7": {"x1": 356.6206359863281, "y1": 85.57368469238281, "x2": 369.00030517578125, "y2": 99.08104705810547, "classId": "truck", "frame_number": 810.0, "NN_threshold": 0.5, "Area_percentage": 0.7}, "8": {"x1": 343.21124267578125, "y1": 85.87369537353516, "x2": 357.65753173828125, "y2": 98.58849334716797, "classId": "truck", "frame_number": 810.0, "NN_threshold": 0.5, "Area_percentage": 0.7}}