{"0": {"x1": 484.232177734375, "y1": 146.58314514160156, "x2": 535.0667724609375, "y2": 179.4194793701172, "classId": "car", "frame_number": 80.0, "NN_threshold": 0.7, "Area_percentage": 0.7}, "1": {"x1": 202.51657104492188, "y1": 103.87285614013672, "x2": 223.85801696777344, "y2": 121.84217071533203, "classId": "car", "frame_number": 80.0, "NN_threshold": 0.7, "Area_percentage": 0.7}, "2": {"x1": 276.6553955078125, "y1": 80.00996398925781, "x2": 283.8386535644531, "y2": 86.33415985107422, "classId": "car", "frame_number": 80.0, "NN_threshold": 0.7, "Area_percentage": 0.7}, "3": {"x1": 291.6243896484375, "y1": 79.27051544189453, "x2": 298.1036682128906, "y2": 84.98806762695312, "classId": "car", "frame_number": 80.0, "NN_threshold": 0.7, "Area_percentage": 0.7}}