{"0": {"x1": 184.65155029296875, "y1": 91.97987365722656, "x2": 236.39300537109375, "y2": 139.4917449951172, "classId": "truck", "frame_number": 850.0, "NN_threshold": 0.8, "Area_percentage": 0.7}, "1": {"x1": 361.0901184082031, "y1": 92.63520050048828, "x2": 369.1382751464844, "y2": 100.44767761230469, "classId": "car", "frame_number": 850.0, "NN_threshold": 0.8, "Area_percentage": 0.7}, "2": {"x1": 381.0605163574219, "y1": 128.9474334716797, "x2": 404.381591796875, "y2": 146.7655487060547, "classId": "car", "frame_number": 850.0, "NN_threshold": 0.8, "Area_percentage": 0.7}, "3": {"x1": 362.6055603027344, "y1": 107.34977722167969, "x2": 377.1167907714844, "y2": 122.04302215576172, "classId": "car", "frame_number": 850.0, "NN_threshold": 0.8, "Area_percentage": 0.7}, "4": {"x1": 350.0655212402344, "y1": 86.23966217041016, "x2": 359.0320129394531, "y2": 94.60020446777344, "classId": "car", "frame_number": 850.0, "NN_threshold": 0.8, "Area_percentage": 0.7}, "5": {"x1": 351.41180419921875, "y1": 98.71602630615234, "x2": 362.2057800292969, "y2": 107.77037048339844, "classId": "car", "frame_number": 850.0, "NN_threshold": 0.8, "Area_percentage": 0.7}}