{"0": {"x1": 367.302490234375, "y1": 83.77511596679688, "x2": 389.87548828125, "y2": 105.910888671875, "classId": "truck", "frame_number": 460.0, "NN_threshold": 0.8, "Area_percentage": 0.5}, "1": {"x1": 387.1716003417969, "y1": 127.62239837646484, "x2": 414.2766418457031, "y2": 146.9019012451172, "classId": "car", "frame_number": 460.0, "NN_threshold": 0.8, "Area_percentage": 0.5}}