{"0": {"x1": 389.7278137207031, "y1": 107.65415954589844, "x2": 407.4538879394531, "y2": 119.05975341796875, "classId": "car", "frame_number": 530.0, "NN_threshold": 0.6, "Area_percentage": 0.5}, "1": {"x1": 265.2503662109375, "y1": 88.09800720214844, "x2": 275.59515380859375, "y2": 97.49771118164062, "classId": "car", "frame_number": 530.0, "NN_threshold": 0.6, "Area_percentage": 0.5}, "2": {"x1": 298.0990905761719, "y1": 73.5592041015625, "x2": 303.7676086425781, "y2": 80.49966430664062, "classId": "car", "frame_number": 530.0, "NN_threshold": 0.6, "Area_percentage": 0.5}, "3": {"x1": 350.48455810546875, "y1": 93.59571838378906, "x2": 361.03289794921875, "y2": 102.07145690917969, "classId": "car", "frame_number": 530.0, "NN_threshold": 0.6, "Area_percentage": 0.5}, "4": {"x1": 353.28240966796875, "y1": 78.85274505615234, "x2": 365.1641540527344, "y2": 87.97177124023438, "classId": "car", "frame_number": 530.0, "NN_threshold": 0.6, "Area_percentage": 0.5}, "5": {"x1": 352.822998046875, "y1": 85.3770751953125, "x2": 363.9292297363281, "y2": 92.8997802734375, "classId": "car", "frame_number": 530.0, "NN_threshold": 0.6, "Area_percentage": 0.5}}