{"0": {"x1": 0.0, "y1": 193.80587768554688, "x2": 44.96050262451172, "y2": 245.25314331054688, "classId": "car", "frame_number": 240.0, "NN_threshold": 0.5, "Area_percentage": 0.5}, "1": {"x1": 45.54411697387695, "y1": 208.4881134033203, "x2": 136.00474548339844, "y2": 271.6313171386719, "classId": "car", "frame_number": 240.0, "NN_threshold": 0.5, "Area_percentage": 0.5}, "2": {"x1": 414.443359375, "y1": 118.22333526611328, "x2": 438.6806945800781, "y2": 134.3867950439453, "classId": "car", "frame_number": 240.0, "NN_threshold": 0.5, "Area_percentage": 0.5}, "3": {"x1": 283.5480651855469, "y1": 80.65138244628906, "x2": 290.0576171875, "y2": 86.67420196533203, "classId": "car", "frame_number": 240.0, "NN_threshold": 0.5, "Area_percentage": 0.5}}