{"0": {"x1": 254.75192260742188, "y1": 88.83644104003906, "x2": 264.6882019042969, "y2": 98.03108215332031, "classId": "car", "frame_number": 140.0, "NN_threshold": 0.8, "Area_percentage": 0.5}, "1": {"x1": 276.7681884765625, "y1": 88.73092651367188, "x2": 285.95880126953125, "y2": 96.95211029052734, "classId": "car", "frame_number": 140.0, "NN_threshold": 0.8, "Area_percentage": 0.5}}