{"0": {"x1": 449.9164123535156, "y1": 108.51930236816406, "x2": 547.96533203125, "y2": 185.06556701660156, "classId": "truck", "frame_number": 380.0, "NN_threshold": 0.5, "Area_percentage": 0.7}, "1": {"x1": 219.21852111816406, "y1": 103.39655303955078, "x2": 237.61883544921875, "y2": 119.12399291992188, "classId": "car", "frame_number": 380.0, "NN_threshold": 0.5, "Area_percentage": 0.7}, "2": {"x1": 351.5301513671875, "y1": 83.40065002441406, "x2": 358.2596435546875, "y2": 88.8804931640625, "classId": "car", "frame_number": 380.0, "NN_threshold": 0.5, "Area_percentage": 0.7}}