{"0": {"x1": 476.02728271484375, "y1": 159.47299194335938, "x2": 519.4519653320312, "y2": 190.3221893310547, "classId": "car", "frame_number": 1380.0, "NN_threshold": 0.7, "Area_percentage": 0.5}, "1": {"x1": 275.31475830078125, "y1": 94.94032287597656, "x2": 283.78460693359375, "y2": 102.18702697753906, "classId": "car", "frame_number": 1380.0, "NN_threshold": 0.7, "Area_percentage": 0.5}, "2": {"x1": 363.998291015625, "y1": 100.91342163085938, "x2": 374.0462646484375, "y2": 108.05046844482422, "classId": "car", "frame_number": 1380.0, "NN_threshold": 0.7, "Area_percentage": 0.5}, "3": {"x1": 368.574951171875, "y1": 102.10637664794922, "x2": 381.2164001464844, "y2": 113.48859405517578, "classId": "car", "frame_number": 1380.0, "NN_threshold": 0.7, "Area_percentage": 0.5}}