{"0": {"x1": 357.2129211425781, "y1": 100.94464111328125, "x2": 364.6115417480469, "y2": 107.29071044921875, "classId": "car", "frame_number": 1750.0, "NN_threshold": 0.6, "Area_percentage": 0.5}, "1": {"x1": 346.2101745605469, "y1": 104.4834976196289, "x2": 354.8880310058594, "y2": 110.51496124267578, "classId": "car", "frame_number": 1750.0, "NN_threshold": 0.6, "Area_percentage": 0.5}, "2": {"x1": 286.6633605957031, "y1": 95.61615753173828, "x2": 292.34991455078125, "y2": 100.6057357788086, "classId": "car", "frame_number": 1750.0, "NN_threshold": 0.6, "Area_percentage": 0.5}, "3": {"x1": 296.4869384765625, "y1": 94.8801040649414, "x2": 301.27227783203125, "y2": 99.71245574951172, "classId": "car", "frame_number": 1750.0, "NN_threshold": 0.6, "Area_percentage": 0.5}, "4": {"x1": 344.2283630371094, "y1": 94.82587432861328, "x2": 348.7724914550781, "y2": 98.89212036132812, "classId": "car", "frame_number": 1750.0, "NN_threshold": 0.6, "Area_percentage": 0.5}, "5": {"x1": 385.9657287597656, "y1": 114.06327819824219, "x2": 404.4649353027344, "y2": 128.1449432373047, "classId": "car", "frame_number": 1750.0, "NN_threshold": 0.6, "Area_percentage": 0.5}}