{"0": {"x1": 404.3194885253906, "y1": 149.43467712402344, "x2": 438.052978515625, "y2": 174.2417449951172, "classId": "car", "frame_number": 1000.0, "NN_threshold": 0.7, "Area_percentage": 0.6}, "1": {"x1": 563.9237060546875, "y1": 181.55979919433594, "x2": 599.7972412109375, "y2": 248.97189331054688, "classId": "truck", "frame_number": 1000.0, "NN_threshold": 0.7, "Area_percentage": 0.6}, "2": {"x1": 379.76312255859375, "y1": 105.78954315185547, "x2": 393.3263854980469, "y2": 115.26872253417969, "classId": "car", "frame_number": 1000.0, "NN_threshold": 0.7, "Area_percentage": 0.6}, "3": {"x1": 287.3917541503906, "y1": 82.5916748046875, "x2": 295.1011047363281, "y2": 90.77359771728516, "classId": "car", "frame_number": 1000.0, "NN_threshold": 0.7, "Area_percentage": 0.6}}