{"0": {"x1": 252.9172821044922, "y1": 87.74478912353516, "x2": 264.0227355957031, "y2": 96.83872985839844, "classId": "car", "frame_number": 30.0, "NN_threshold": 0.7, "Area_percentage": 0.6}, "1": {"x1": 285.90020751953125, "y1": 75.5757064819336, "x2": 292.00360107421875, "y2": 81.4420166015625, "classId": "car", "frame_number": 30.0, "NN_threshold": 0.7, "Area_percentage": 0.6}, "2": {"x1": 298.4603576660156, "y1": 75.86722564697266, "x2": 302.8070983886719, "y2": 79.60572814941406, "classId": "car", "frame_number": 30.0, "NN_threshold": 0.7, "Area_percentage": 0.6}}