{"0": {"x1": 539.8474731445312, "y1": 140.73651123046875, "x2": 599.6705932617188, "y2": 245.4718780517578, "classId": "truck", "frame_number": 360.0, "NN_threshold": 0.6, "Area_percentage": 0.8}, "1": {"x1": 354.2717590332031, "y1": 84.99116516113281, "x2": 362.86895751953125, "y2": 91.66551971435547, "classId": "car", "frame_number": 360.0, "NN_threshold": 0.6, "Area_percentage": 0.8}, "2": {"x1": 240.19384765625, "y1": 96.3951416015625, "x2": 253.6870574951172, "y2": 109.73529052734375, "classId": "car", "frame_number": 360.0, "NN_threshold": 0.6, "Area_percentage": 0.8}}