{"0": {"x1": 262.1841125488281, "y1": 89.60692596435547, "x2": 278.2481689453125, "y2": 103.62149047851562, "classId": "car", "frame_number": 1130.0, "NN_threshold": 0.8, "Area_percentage": 0.6}}