{"0": {"x1": 407.82452392578125, "y1": 122.47075653076172, "x2": 427.1613464355469, "y2": 137.02264404296875, "classId": "car", "frame_number": 970.0, "NN_threshold": 0.7, "Area_percentage": 0.5}, "1": {"x1": 341.8110046386719, "y1": 93.27995300292969, "x2": 349.1656188964844, "y2": 98.05131530761719, "classId": "car", "frame_number": 970.0, "NN_threshold": 0.7, "Area_percentage": 0.5}, "2": {"x1": 290.5436706542969, "y1": 84.31137084960938, "x2": 297.3283386230469, "y2": 90.80474090576172, "classId": "car", "frame_number": 970.0, "NN_threshold": 0.7, "Area_percentage": 0.5}, "3": {"x1": 340.2784118652344, "y1": 88.8591537475586, "x2": 349.3575439453125, "y2": 98.01362609863281, "classId": "car", "frame_number": 970.0, "NN_threshold": 0.7, "Area_percentage": 0.5}, "4": {"x1": 337.269287109375, "y1": 88.01473999023438, "x2": 343.7174072265625, "y2": 93.22305297851562, "classId": "car", "frame_number": 970.0, "NN_threshold": 0.7, "Area_percentage": 0.5}}