{"0": {"x1": 411.5104675292969, "y1": 124.89275360107422, "x2": 433.25146484375, "y2": 139.21263122558594, "classId": "car", "frame_number": 1180.0, "NN_threshold": 0.7, "Area_percentage": 0.6}, "1": {"x1": 381.8058166503906, "y1": 128.59483337402344, "x2": 412.0670471191406, "y2": 152.25660705566406, "classId": "car", "frame_number": 1180.0, "NN_threshold": 0.7, "Area_percentage": 0.6}, "2": {"x1": 353.1463928222656, "y1": 89.43718719482422, "x2": 365.906494140625, "y2": 100.7599105834961, "classId": "truck", "frame_number": 1180.0, "NN_threshold": 0.7, "Area_percentage": 0.6}, "3": {"x1": 343.9221496582031, "y1": 89.57298278808594, "x2": 350.385986328125, "y2": 96.95122528076172, "classId": "car", "frame_number": 1180.0, "NN_threshold": 0.7, "Area_percentage": 0.6}}