{"0": {"x1": 418.4930419921875, "y1": 113.60958862304688, "x2": 482.64886474609375, "y2": 160.14942932128906, "classId": "truck", "frame_number": 1040.0, "NN_threshold": 0.8, "Area_percentage": 0.5}, "1": {"x1": 365.85418701171875, "y1": 113.09758758544922, "x2": 380.7777099609375, "y2": 126.1201171875, "classId": "car", "frame_number": 1040.0, "NN_threshold": 0.8, "Area_percentage": 0.5}, "2": {"x1": 364.09832763671875, "y1": 97.31312561035156, "x2": 373.09027099609375, "y2": 104.76494598388672, "classId": "car", "frame_number": 1040.0, "NN_threshold": 0.8, "Area_percentage": 0.5}, "3": {"x1": 282.2724609375, "y1": 84.79300689697266, "x2": 291.28668212890625, "y2": 94.22309875488281, "classId": "car", "frame_number": 1040.0, "NN_threshold": 0.8, "Area_percentage": 0.5}}