{"0": {"x1": 70.18745422363281, "y1": 156.31993103027344, "x2": 120.95797729492188, "y2": 192.4398193359375, "classId": "car", "frame_number": 230.0, "NN_threshold": 0.7, "Area_percentage": 0.6}, "1": {"x1": 430.0105285644531, "y1": 126.0409164428711, "x2": 461.3688049316406, "y2": 146.06700134277344, "classId": "car", "frame_number": 230.0, "NN_threshold": 0.7, "Area_percentage": 0.6}, "2": {"x1": 285.7816162109375, "y1": 78.77247619628906, "x2": 291.69390869140625, "y2": 84.09943389892578, "classId": "car", "frame_number": 230.0, "NN_threshold": 0.7, "Area_percentage": 0.6}, "3": {"x1": 141.4004669189453, "y1": 160.94097900390625, "x2": 191.16773986816406, "y2": 200.00363159179688, "classId": "car", "frame_number": 230.0, "NN_threshold": 0.7, "Area_percentage": 0.6}}