{"0": {"x1": 216.05477905273438, "y1": 87.1624526977539, "x2": 251.6222381591797, "y2": 124.66879272460938, "classId": "truck", "frame_number": 830.0, "NN_threshold": 0.7, "Area_percentage": 0.8}, "1": {"x1": 373.0195007324219, "y1": 120.17351531982422, "x2": 395.3997497558594, "y2": 138.56512451171875, "classId": "car", "frame_number": 830.0, "NN_threshold": 0.7, "Area_percentage": 0.8}, "2": {"x1": 417.4155578613281, "y1": 163.21823120117188, "x2": 460.523681640625, "y2": 195.19647216796875, "classId": "car", "frame_number": 830.0, "NN_threshold": 0.7, "Area_percentage": 0.8}, "3": {"x1": 352.68377685546875, "y1": 85.35823059082031, "x2": 363.9078369140625, "y2": 96.76094055175781, "classId": "truck", "frame_number": 830.0, "NN_threshold": 0.7, "Area_percentage": 0.8}}