{"0": {"x1": 403.7015380859375, "y1": 150.7345428466797, "x2": 441.9542236328125, "y2": 176.67869567871094, "classId": "car", "frame_number": 700.0, "NN_threshold": 0.5, "Area_percentage": 0.7}, "1": {"x1": 415.0004577636719, "y1": 106.94866943359375, "x2": 467.34716796875, "y2": 147.9342803955078, "classId": "truck", "frame_number": 700.0, "NN_threshold": 0.5, "Area_percentage": 0.7}, "2": {"x1": 343.99102783203125, "y1": 84.22211456298828, "x2": 349.1022033691406, "y2": 89.14842987060547, "classId": "car", "frame_number": 700.0, "NN_threshold": 0.5, "Area_percentage": 0.7}, "3": {"x1": 363.08367919921875, "y1": 94.3259048461914, "x2": 372.07598876953125, "y2": 101.0036392211914, "classId": "car", "frame_number": 700.0, "NN_threshold": 0.5, "Area_percentage": 0.7}, "4": {"x1": 279.5177917480469, "y1": 79.73683166503906, "x2": 289.8767395019531, "y2": 92.15943908691406, "classId": "truck", "frame_number": 700.0, "NN_threshold": 0.5, "Area_percentage": 0.7}, "5": {"x1": 279.5914306640625, "y1": 83.81305694580078, "x2": 289.4640197753906, "y2": 92.94690704345703, "classId": "car", "frame_number": 700.0, "NN_threshold": 0.5, "Area_percentage": 0.7}}