{"0": {"x1": 441.97137451171875, "y1": 141.20358276367188, "x2": 474.9210205078125, "y2": 164.77972412109375, "classId": "car", "frame_number": 1280.0, "NN_threshold": 0.8, "Area_percentage": 0.6}, "1": {"x1": 377.8987731933594, "y1": 109.0172348022461, "x2": 390.1730651855469, "y2": 116.97560119628906, "classId": "car", "frame_number": 1280.0, "NN_threshold": 0.8, "Area_percentage": 0.6}, "2": {"x1": 358.2386779785156, "y1": 96.9689712524414, "x2": 365.5497741699219, "y2": 102.94908142089844, "classId": "car", "frame_number": 1280.0, "NN_threshold": 0.8, "Area_percentage": 0.6}, "3": {"x1": 0.45040786266326904, "y1": 170.38043212890625, "x2": 101.1452407836914, "y2": 245.1045379638672, "classId": "truck", "frame_number": 1280.0, "NN_threshold": 0.8, "Area_percentage": 0.6}}