{"0": {"x1": 489.478515625, "y1": 171.2825927734375, "x2": 554.7734375, "y2": 212.2694091796875, "classId": "car", "frame_number": 1690.0, "NN_threshold": 0.7, "Area_percentage": 0.5}, "1": {"x1": 361.899169921875, "y1": 119.2359619140625, "x2": 375.5152893066406, "y2": 128.83534240722656, "classId": "car", "frame_number": 1690.0, "NN_threshold": 0.7, "Area_percentage": 0.5}, "2": {"x1": 351.4231872558594, "y1": 98.95315551757812, "x2": 357.703369140625, "y2": 103.97584533691406, "classId": "car", "frame_number": 1690.0, "NN_threshold": 0.7, "Area_percentage": 0.5}, "3": {"x1": 377.0325927734375, "y1": 111.41120910644531, "x2": 389.3938293457031, "y2": 121.78026580810547, "classId": "car", "frame_number": 1690.0, "NN_threshold": 0.7, "Area_percentage": 0.5}}