{"0": {"x1": 537.0963134765625, "y1": 199.70362854003906, "x2": 600.0, "y2": 237.52850341796875, "classId": "car", "frame_number": 1200.0, "NN_threshold": 0.5, "Area_percentage": 0.7}, "1": {"x1": 391.50286865234375, "y1": 114.81300354003906, "x2": 407.16302490234375, "y2": 125.03150939941406, "classId": "car", "frame_number": 1200.0, "NN_threshold": 0.5, "Area_percentage": 0.7}, "2": {"x1": 365.8697814941406, "y1": 115.51602935791016, "x2": 386.1341857910156, "y2": 132.16241455078125, "classId": "car", "frame_number": 1200.0, "NN_threshold": 0.5, "Area_percentage": 0.7}, "3": {"x1": 343.37103271484375, "y1": 89.55320739746094, "x2": 349.4724426269531, "y2": 96.25150299072266, "classId": "car", "frame_number": 1200.0, "NN_threshold": 0.5, "Area_percentage": 0.7}, "4": {"x1": 218.22898864746094, "y1": 100.82201385498047, "x2": 251.4741668701172, "y2": 127.54551696777344, "classId": "truck", "frame_number": 1200.0, "NN_threshold": 0.5, "Area_percentage": 0.7}, "5": {"x1": 339.76910400390625, "y1": 87.35726165771484, "x2": 344.0478210449219, "y2": 91.49293518066406, "classId": "car", "frame_number": 1200.0, "NN_threshold": 0.5, "Area_percentage": 0.7}, "6": {"x1": 350.0194396972656, "y1": 88.96441650390625, "x2": 361.9211120605469, "y2": 99.54103088378906, "classId": "truck", "frame_number": 1200.0, "NN_threshold": 0.5, "Area_percentage": 0.7}, "7": {"x1": 343.9471740722656, "y1": 91.8280029296875, "x2": 348.3141784667969, "y2": 95.787109375, "classId": "car", "frame_number": 1200.0, "NN_threshold": 0.5, "Area_percentage": 0.7}, "8": {"x1": 218.42404174804688, "y1": 100.48689270019531, "x2": 249.58766174316406, "y2": 128.05160522460938, "classId": "car", "frame_number": 1200.0, "NN_threshold": 0.5, "Area_percentage": 0.7}, "9": {"x1": 351.2025146484375, "y1": 88.61468505859375, "x2": 361.2633056640625, "y2": 99.13391876220703, "classId": "car", "frame_number": 1200.0, "NN_threshold": 0.5, "Area_percentage": 0.7}}