{"0": {"x1": 349.11981201171875, "y1": 98.63190460205078, "x2": 358.5809020996094, "y2": 105.67958068847656, "classId": "car", "frame_number": 920.0, "NN_threshold": 0.8, "Area_percentage": 0.7}, "1": {"x1": 344.30615234375, "y1": 93.56637573242188, "x2": 352.0050048828125, "y2": 99.52240753173828, "classId": "car", "frame_number": 920.0, "NN_threshold": 0.8, "Area_percentage": 0.7}}