{"0": {"x1": 226.12001037597656, "y1": 85.4638900756836, "x2": 257.9215087890625, "y2": 118.22720336914062, "classId": "truck", "frame_number": 820.0, "NN_threshold": 0.6, "Area_percentage": 0.6}, "1": {"x1": 457.32110595703125, "y1": 203.7868194580078, "x2": 528.2615356445312, "y2": 249.44577026367188, "classId": "car", "frame_number": 820.0, "NN_threshold": 0.6, "Area_percentage": 0.6}, "2": {"x1": 381.9511413574219, "y1": 129.26461791992188, "x2": 409.7610168457031, "y2": 151.76832580566406, "classId": "car", "frame_number": 820.0, "NN_threshold": 0.6, "Area_percentage": 0.6}, "3": {"x1": 360.74249267578125, "y1": 106.7254638671875, "x2": 375.3852844238281, "y2": 118.83421325683594, "classId": "car", "frame_number": 820.0, "NN_threshold": 0.6, "Area_percentage": 0.6}, "4": {"x1": 354.7735900878906, "y1": 84.96790313720703, "x2": 366.6482238769531, "y2": 97.21292877197266, "classId": "truck", "frame_number": 820.0, "NN_threshold": 0.6, "Area_percentage": 0.6}, "5": {"x1": 341.5495910644531, "y1": 89.98957824707031, "x2": 349.0400695800781, "y2": 97.57901763916016, "classId": "car", "frame_number": 820.0, "NN_threshold": 0.6, "Area_percentage": 0.6}, "6": {"x1": 354.98455810546875, "y1": 88.00171661376953, "x2": 365.7572021484375, "y2": 97.37493896484375, "classId": "car", "frame_number": 820.0, "NN_threshold": 0.6, "Area_percentage": 0.6}, "7": {"x1": 370.4776306152344, "y1": 96.98468017578125, "x2": 381.3523254394531, "y2": 106.22738647460938, "classId": "truck", "frame_number": 820.0, "NN_threshold": 0.6, "Area_percentage": 0.6}}