{"0": {"x1": 109.36840057373047, "y1": 132.9234619140625, "x2": 154.5718536376953, "y2": 167.12954711914062, "classId": "car", "frame_number": 110.0, "NN_threshold": 0.7, "Area_percentage": 0.6}, "1": {"x1": 411.6911315917969, "y1": 105.74134063720703, "x2": 434.1739196777344, "y2": 124.08540344238281, "classId": "car", "frame_number": 110.0, "NN_threshold": 0.7, "Area_percentage": 0.6}, "2": {"x1": 267.4620361328125, "y1": 82.32111358642578, "x2": 275.9846496582031, "y2": 89.74254608154297, "classId": "car", "frame_number": 110.0, "NN_threshold": 0.7, "Area_percentage": 0.6}, "3": {"x1": 285.6873779296875, "y1": 80.5638656616211, "x2": 293.3255615234375, "y2": 88.25057983398438, "classId": "car", "frame_number": 110.0, "NN_threshold": 0.7, "Area_percentage": 0.6}}