{"0": {"x1": 127.036376953125, "y1": 136.41822814941406, "x2": 165.38555908203125, "y2": 162.95082092285156, "classId": "car", "frame_number": 220.0, "NN_threshold": 0.5, "Area_percentage": 0.7}, "1": {"x1": 187.63404846191406, "y1": 139.2609100341797, "x2": 224.41802978515625, "y2": 165.92279052734375, "classId": "car", "frame_number": 220.0, "NN_threshold": 0.5, "Area_percentage": 0.7}, "2": {"x1": 454.73345947265625, "y1": 139.54698181152344, "x2": 492.2349548339844, "y2": 164.004638671875, "classId": "car", "frame_number": 220.0, "NN_threshold": 0.5, "Area_percentage": 0.7}, "3": {"x1": 286.9286193847656, "y1": 78.53042602539062, "x2": 292.965087890625, "y2": 83.81111145019531, "classId": "car", "frame_number": 220.0, "NN_threshold": 0.5, "Area_percentage": 0.7}, "4": {"x1": 431.7762756347656, "y1": 146.52593994140625, "x2": 441.7979736328125, "y2": 154.25428771972656, "classId": "car", "frame_number": 220.0, "NN_threshold": 0.5, "Area_percentage": 0.7}, "5": {"x1": 287.3079833984375, "y1": 80.6605453491211, "x2": 292.5436706542969, "y2": 83.50694274902344, "classId": "car", "frame_number": 220.0, "NN_threshold": 0.5, "Area_percentage": 0.7}}