{"0": {"x1": 226.12001037597656, "y1": 85.4638900756836, "x2": 257.9215087890625, "y2": 118.22720336914062, "classId": "truck", "frame_number": 820.0, "NN_threshold": 0.8, "Area_percentage": 0.6}, "1": {"x1": 457.32110595703125, "y1": 203.7868194580078, "x2": 528.2615356445312, "y2": 249.44577026367188, "classId": "car", "frame_number": 820.0, "NN_threshold": 0.8, "Area_percentage": 0.6}, "2": {"x1": 381.9511413574219, "y1": 129.26461791992188, "x2": 409.7610168457031, "y2": 151.76832580566406, "classId": "car", "frame_number": 820.0, "NN_threshold": 0.8, "Area_percentage": 0.6}, "3": {"x1": 360.74249267578125, "y1": 106.7254638671875, "x2": 375.3852844238281, "y2": 118.83421325683594, "classId": "car", "frame_number": 820.0, "NN_threshold": 0.8, "Area_percentage": 0.6}, "4": {"x1": 354.7735900878906, "y1": 84.96790313720703, "x2": 366.6482238769531, "y2": 97.21292877197266, "classId": "truck", "frame_number": 820.0, "NN_threshold": 0.8, "Area_percentage": 0.6}}