{"0": {"x1": 511.8870544433594, "y1": 179.31307983398438, "x2": 571.7447509765625, "y2": 218.99319458007812, "classId": "car", "frame_number": 1260.0, "NN_threshold": 0.5, "Area_percentage": 0.8}, "1": {"x1": 390.4956970214844, "y1": 116.21094512939453, "x2": 405.9554443359375, "y2": 125.45406341552734, "classId": "car", "frame_number": 1260.0, "NN_threshold": 0.5, "Area_percentage": 0.8}, "2": {"x1": 30.783964157104492, "y1": 137.20619201660156, "x2": 168.19631958007812, "y2": 219.80856323242188, "classId": "truck", "frame_number": 1260.0, "NN_threshold": 0.5, "Area_percentage": 0.8}, "3": {"x1": 363.3030700683594, "y1": 99.42000579833984, "x2": 371.9522399902344, "y2": 106.35135650634766, "classId": "car", "frame_number": 1260.0, "NN_threshold": 0.5, "Area_percentage": 0.8}, "4": {"x1": 343.4183654785156, "y1": 86.86837768554688, "x2": 352.3521423339844, "y2": 95.07740783691406, "classId": "car", "frame_number": 1260.0, "NN_threshold": 0.5, "Area_percentage": 0.8}, "5": {"x1": 346.62579345703125, "y1": 98.53763580322266, "x2": 357.2688293457031, "y2": 108.30782318115234, "classId": "car", "frame_number": 1260.0, "NN_threshold": 0.5, "Area_percentage": 0.8}, "6": {"x1": 345.1929931640625, "y1": 86.90235137939453, "x2": 351.8326721191406, "y2": 91.83425903320312, "classId": "car", "frame_number": 1260.0, "NN_threshold": 0.5, "Area_percentage": 0.8}, "7": {"x1": 344.2256774902344, "y1": 90.0242691040039, "x2": 351.5251159667969, "y2": 95.41410064697266, "classId": "car", "frame_number": 1260.0, "NN_threshold": 0.5, "Area_percentage": 0.8}}