{"0": {"x1": 353.3344421386719, "y1": 102.52159881591797, "x2": 362.64935302734375, "y2": 110.52430725097656, "classId": "car", "frame_number": 1080.0, "NN_threshold": 0.7, "Area_percentage": 0.7}, "1": {"x1": 275.34051513671875, "y1": 87.97124481201172, "x2": 286.3437194824219, "y2": 98.47067260742188, "classId": "car", "frame_number": 1080.0, "NN_threshold": 0.7, "Area_percentage": 0.7}, "2": {"x1": 354.3926086425781, "y1": 92.81146240234375, "x2": 360.9964904785156, "y2": 98.73394012451172, "classId": "car", "frame_number": 1080.0, "NN_threshold": 0.7, "Area_percentage": 0.7}, "3": {"x1": 384.7987060546875, "y1": 99.12139129638672, "x2": 413.52276611328125, "y2": 124.3254623413086, "classId": "truck", "frame_number": 1080.0, "NN_threshold": 0.7, "Area_percentage": 0.7}}