{"0": {"x1": 548.9299926757812, "y1": 195.109130859375, "x2": 600.0, "y2": 239.5532684326172, "classId": "car", "frame_number": 580.0, "NN_threshold": 0.5, "Area_percentage": 0.5}, "1": {"x1": 236.0765380859375, "y1": 99.62176513671875, "x2": 251.75086975097656, "y2": 113.43156433105469, "classId": "car", "frame_number": 580.0, "NN_threshold": 0.5, "Area_percentage": 0.5}, "2": {"x1": 365.6200256347656, "y1": 95.49705505371094, "x2": 375.49981689453125, "y2": 101.86628723144531, "classId": "car", "frame_number": 580.0, "NN_threshold": 0.5, "Area_percentage": 0.5}, "3": {"x1": 342.94451904296875, "y1": 89.36813354492188, "x2": 350.5452575683594, "y2": 94.61119842529297, "classId": "car", "frame_number": 580.0, "NN_threshold": 0.5, "Area_percentage": 0.5}, "4": {"x1": 294.4400939941406, "y1": 76.06800842285156, "x2": 301.7863464355469, "y2": 83.7453842163086, "classId": "car", "frame_number": 580.0, "NN_threshold": 0.5, "Area_percentage": 0.5}, "5": {"x1": 294.8236389160156, "y1": 80.52385711669922, "x2": 301.2197265625, "y2": 83.7714614868164, "classId": "car", "frame_number": 580.0, "NN_threshold": 0.5, "Area_percentage": 0.5}, "6": {"x1": 346.3233947753906, "y1": 78.56544494628906, "x2": 355.618896484375, "y2": 88.97201538085938, "classId": "car", "frame_number": 580.0, "NN_threshold": 0.5, "Area_percentage": 0.5}}