{"0": {"x1": 232.72042846679688, "y1": 98.84154510498047, "x2": 246.4459991455078, "y2": 110.01827239990234, "classId": "car", "frame_number": 170.0, "NN_threshold": 0.8, "Area_percentage": 0.6}}