{"0": {"x1": 407.82452392578125, "y1": 122.47075653076172, "x2": 427.1613464355469, "y2": 137.02264404296875, "classId": "car", "frame_number": 970.0, "NN_threshold": 0.5, "Area_percentage": 0.8}, "1": {"x1": 341.8110046386719, "y1": 93.27995300292969, "x2": 349.1656188964844, "y2": 98.05131530761719, "classId": "car", "frame_number": 970.0, "NN_threshold": 0.5, "Area_percentage": 0.8}, "2": {"x1": 290.5436706542969, "y1": 84.31137084960938, "x2": 297.3283386230469, "y2": 90.80474090576172, "classId": "car", "frame_number": 970.0, "NN_threshold": 0.5, "Area_percentage": 0.8}, "3": {"x1": 340.2784118652344, "y1": 88.8591537475586, "x2": 349.3575439453125, "y2": 98.01362609863281, "classId": "car", "frame_number": 970.0, "NN_threshold": 0.5, "Area_percentage": 0.8}, "4": {"x1": 337.269287109375, "y1": 88.01473999023438, "x2": 343.7174072265625, "y2": 93.22305297851562, "classId": "car", "frame_number": 970.0, "NN_threshold": 0.5, "Area_percentage": 0.8}, "5": {"x1": 339.5924072265625, "y1": 87.39054870605469, "x2": 347.8251953125, "y2": 92.59587097167969, "classId": "car", "frame_number": 970.0, "NN_threshold": 0.5, "Area_percentage": 0.8}, "6": {"x1": 341.737548828125, "y1": 94.90581512451172, "x2": 348.063232421875, "y2": 97.41380310058594, "classId": "car", "frame_number": 970.0, "NN_threshold": 0.5, "Area_percentage": 0.8}, "7": {"x1": 336.6334228515625, "y1": 87.68912506103516, "x2": 345.6763916015625, "y2": 95.3447036743164, "classId": "car", "frame_number": 970.0, "NN_threshold": 0.5, "Area_percentage": 0.8}, "8": {"x1": 342.5589294433594, "y1": 86.3999252319336, "x2": 348.6716003417969, "y2": 91.82312774658203, "classId": "car", "frame_number": 970.0, "NN_threshold": 0.5, "Area_percentage": 0.8}, "9": {"x1": 331.5353088378906, "y1": 84.23699188232422, "x2": 335.83709716796875, "y2": 87.70183563232422, "classId": "car", "frame_number": 970.0, "NN_threshold": 0.5, "Area_percentage": 0.8}, "10": {"x1": 336.83038330078125, "y1": 89.39371490478516, "x2": 342.04803466796875, "y2": 94.01717376708984, "classId": "car", "frame_number": 970.0, "NN_threshold": 0.5, "Area_percentage": 0.8}}