{"0": {"x1": 378.8627014160156, "y1": 126.10736846923828, "x2": 400.5450439453125, "y2": 142.72537231445312, "classId": "car", "frame_number": 1020.0, "NN_threshold": 0.5, "Area_percentage": 0.7}, "1": {"x1": 460.4584655761719, "y1": 132.61221313476562, "x2": 577.6987915039062, "y2": 207.8380889892578, "classId": "truck", "frame_number": 1020.0, "NN_threshold": 0.5, "Area_percentage": 0.7}, "2": {"x1": 370.8484191894531, "y1": 102.15658569335938, "x2": 381.4972839355469, "y2": 109.5727767944336, "classId": "car", "frame_number": 1020.0, "NN_threshold": 0.5, "Area_percentage": 0.7}, "3": {"x1": 284.54296875, "y1": 84.21343231201172, "x2": 292.95965576171875, "y2": 93.1365737915039, "classId": "car", "frame_number": 1020.0, "NN_threshold": 0.5, "Area_percentage": 0.7}, "4": {"x1": 335.2995910644531, "y1": 84.91058349609375, "x2": 343.9578857421875, "y2": 91.87450408935547, "classId": "car", "frame_number": 1020.0, "NN_threshold": 0.5, "Area_percentage": 0.7}}