{"0": {"x1": 399.0841979980469, "y1": 91.3139877319336, "x2": 444.8739318847656, "y2": 130.3309783935547, "classId": "truck", "frame_number": 410.0, "NN_threshold": 0.8, "Area_percentage": 0.7}, "1": {"x1": 156.01113891601562, "y1": 124.46543884277344, "x2": 188.76043701171875, "y2": 150.7678985595703, "classId": "car", "frame_number": 410.0, "NN_threshold": 0.8, "Area_percentage": 0.7}}