{"0": {"x1": 271.2314147949219, "y1": 88.40325927734375, "x2": 283.3824768066406, "y2": 100.00288391113281, "classId": "car", "frame_number": 1100.0, "NN_threshold": 0.6, "Area_percentage": 0.5}, "1": {"x1": 374.4311218261719, "y1": 94.3551025390625, "x2": 398.09783935546875, "y2": 115.13661193847656, "classId": "truck", "frame_number": 1100.0, "NN_threshold": 0.6, "Area_percentage": 0.5}, "2": {"x1": 351.4600830078125, "y1": 91.11752319335938, "x2": 357.2674255371094, "y2": 95.57091522216797, "classId": "car", "frame_number": 1100.0, "NN_threshold": 0.6, "Area_percentage": 0.5}}