{"0": {"x1": 411.6611022949219, "y1": 117.91360473632812, "x2": 435.4078063964844, "y2": 134.96058654785156, "classId": "car", "frame_number": 760.0, "NN_threshold": 0.6, "Area_percentage": 0.8}, "1": {"x1": 438.4757385253906, "y1": 176.58457946777344, "x2": 499.8286437988281, "y2": 221.43292236328125, "classId": "car", "frame_number": 760.0, "NN_threshold": 0.6, "Area_percentage": 0.8}, "2": {"x1": 263.05279541015625, "y1": 80.8402099609375, "x2": 278.2752380371094, "y2": 99.76654815673828, "classId": "truck", "frame_number": 760.0, "NN_threshold": 0.6, "Area_percentage": 0.8}, "3": {"x1": 370.66632080078125, "y1": 90.18659973144531, "x2": 390.1423034667969, "y2": 109.21368408203125, "classId": "truck", "frame_number": 760.0, "NN_threshold": 0.6, "Area_percentage": 0.8}, "4": {"x1": 354.2125244140625, "y1": 101.93324279785156, "x2": 365.9815673828125, "y2": 111.57958221435547, "classId": "car", "frame_number": 760.0, "NN_threshold": 0.6, "Area_percentage": 0.8}, "5": {"x1": 351.7227783203125, "y1": 88.13145446777344, "x2": 357.135498046875, "y2": 93.187255859375, "classId": "car", "frame_number": 760.0, "NN_threshold": 0.6, "Area_percentage": 0.8}}