{"0": {"x1": 425.9571533203125, "y1": 132.88121032714844, "x2": 453.66815185546875, "y2": 150.44784545898438, "classId": "car", "frame_number": 1170.0, "NN_threshold": 0.8, "Area_percentage": 0.6}, "1": {"x1": 396.53131103515625, "y1": 140.00982666015625, "x2": 433.8613586425781, "y2": 170.69544982910156, "classId": "car", "frame_number": 1170.0, "NN_threshold": 0.8, "Area_percentage": 0.6}, "2": {"x1": 243.0294647216797, "y1": 95.4159927368164, "x2": 268.0657043457031, "y2": 115.83811950683594, "classId": "truck", "frame_number": 1170.0, "NN_threshold": 0.8, "Area_percentage": 0.6}}