{"0": {"x1": 468.66168212890625, "y1": 155.4436798095703, "x2": 512.7942504882812, "y2": 185.70181274414062, "classId": "car", "frame_number": 1270.0, "NN_threshold": 0.8, "Area_percentage": 0.7}, "1": {"x1": 384.16375732421875, "y1": 111.3093490600586, "x2": 397.2574462890625, "y2": 120.39618682861328, "classId": "car", "frame_number": 1270.0, "NN_threshold": 0.8, "Area_percentage": 0.7}, "2": {"x1": 360.67681884765625, "y1": 98.12549591064453, "x2": 368.34503173828125, "y2": 104.30404663085938, "classId": "car", "frame_number": 1270.0, "NN_threshold": 0.8, "Area_percentage": 0.7}}