{"0": {"x1": 393.4949645996094, "y1": 116.0875244140625, "x2": 411.1623229980469, "y2": 130.7320556640625, "classId": "car", "frame_number": 1340.0, "NN_threshold": 0.8, "Area_percentage": 0.5}, "1": {"x1": 357.3941345214844, "y1": 98.29180145263672, "x2": 365.2469787597656, "y2": 104.21680450439453, "classId": "car", "frame_number": 1340.0, "NN_threshold": 0.8, "Area_percentage": 0.5}, "2": {"x1": 379.41070556640625, "y1": 108.31963348388672, "x2": 391.73089599609375, "y2": 118.70380401611328, "classId": "car", "frame_number": 1340.0, "NN_threshold": 0.8, "Area_percentage": 0.5}}