{"0": {"x1": 425.9571533203125, "y1": 132.88121032714844, "x2": 453.66815185546875, "y2": 150.44784545898438, "classId": "car", "frame_number": 1170.0, "NN_threshold": 0.6, "Area_percentage": 0.5}, "1": {"x1": 396.53131103515625, "y1": 140.00982666015625, "x2": 433.8613586425781, "y2": 170.69544982910156, "classId": "car", "frame_number": 1170.0, "NN_threshold": 0.6, "Area_percentage": 0.5}, "2": {"x1": 243.0294647216797, "y1": 95.4159927368164, "x2": 268.0657043457031, "y2": 115.83811950683594, "classId": "truck", "frame_number": 1170.0, "NN_threshold": 0.6, "Area_percentage": 0.5}, "3": {"x1": 344.21295166015625, "y1": 90.38021087646484, "x2": 352.5180358886719, "y2": 98.00883483886719, "classId": "car", "frame_number": 1170.0, "NN_threshold": 0.6, "Area_percentage": 0.5}, "4": {"x1": 354.86328125, "y1": 89.57003784179688, "x2": 368.3094482421875, "y2": 102.13090515136719, "classId": "truck", "frame_number": 1170.0, "NN_threshold": 0.6, "Area_percentage": 0.5}, "5": {"x1": 344.4993896484375, "y1": 93.05988311767578, "x2": 351.1765441894531, "y2": 97.44602966308594, "classId": "car", "frame_number": 1170.0, "NN_threshold": 0.6, "Area_percentage": 0.5}}