{"0": {"x1": 403.50604248046875, "y1": 125.23540496826172, "x2": 425.3201904296875, "y2": 139.0707550048828, "classId": "car", "frame_number": 1570.0, "NN_threshold": 0.7, "Area_percentage": 0.8}, "1": {"x1": 345.6348876953125, "y1": 101.85835266113281, "x2": 353.532958984375, "y2": 108.48518371582031, "classId": "car", "frame_number": 1570.0, "NN_threshold": 0.7, "Area_percentage": 0.8}, "2": {"x1": 347.3936767578125, "y1": 93.80767822265625, "x2": 353.2709655761719, "y2": 99.21934509277344, "classId": "car", "frame_number": 1570.0, "NN_threshold": 0.7, "Area_percentage": 0.8}}