{"0": {"x1": 182.88082885742188, "y1": 110.21231079101562, "x2": 208.64349365234375, "y2": 130.9527130126953, "classId": "car", "frame_number": 90.0, "NN_threshold": 0.7, "Area_percentage": 0.5}, "1": {"x1": 450.9256286621094, "y1": 127.5194091796875, "x2": 488.5602111816406, "y2": 153.83123779296875, "classId": "car", "frame_number": 90.0, "NN_threshold": 0.7, "Area_percentage": 0.5}, "2": {"x1": 273.87847900390625, "y1": 80.3830795288086, "x2": 281.4028015136719, "y2": 86.8431625366211, "classId": "car", "frame_number": 90.0, "NN_threshold": 0.7, "Area_percentage": 0.5}, "3": {"x1": 289.2591552734375, "y1": 79.73509979248047, "x2": 296.9624938964844, "y2": 86.37738800048828, "classId": "car", "frame_number": 90.0, "NN_threshold": 0.7, "Area_percentage": 0.5}}