{"0": {"x1": 241.216552734375, "y1": 94.09895324707031, "x2": 253.9100799560547, "y2": 104.3925552368164, "classId": "car", "frame_number": 160.0, "NN_threshold": 0.5, "Area_percentage": 0.7}, "1": {"x1": 267.7341003417969, "y1": 93.87234497070312, "x2": 279.5799255371094, "y2": 103.83869171142578, "classId": "car", "frame_number": 160.0, "NN_threshold": 0.5, "Area_percentage": 0.7}, "2": {"x1": 372.0220031738281, "y1": 89.35183715820312, "x2": 384.9104309082031, "y2": 99.75715637207031, "classId": "car", "frame_number": 160.0, "NN_threshold": 0.5, "Area_percentage": 0.7}}