{"0": {"x1": 351.001708984375, "y1": 99.2384033203125, "x2": 361.1555480957031, "y2": 107.57124328613281, "classId": "car", "frame_number": 910.0, "NN_threshold": 0.8, "Area_percentage": 0.6}, "1": {"x1": 346.0567626953125, "y1": 93.96234130859375, "x2": 353.8861389160156, "y2": 100.77886962890625, "classId": "car", "frame_number": 910.0, "NN_threshold": 0.8, "Area_percentage": 0.6}}