{"0": {"x1": 342.8597717285156, "y1": 101.07223510742188, "x2": 350.1927795410156, "y2": 106.010498046875, "classId": "car", "frame_number": 1590.0, "NN_threshold": 0.6, "Area_percentage": 0.7}, "1": {"x1": 385.78692626953125, "y1": 116.60458374023438, "x2": 401.1340637207031, "y2": 126.89204406738281, "classId": "car", "frame_number": 1590.0, "NN_threshold": 0.6, "Area_percentage": 0.7}, "2": {"x1": 345.2541198730469, "y1": 93.54817962646484, "x2": 350.4621887207031, "y2": 99.0431137084961, "classId": "car", "frame_number": 1590.0, "NN_threshold": 0.6, "Area_percentage": 0.7}}