{"0": {"x1": 482.4931640625, "y1": 168.1047821044922, "x2": 526.7892456054688, "y2": 195.17910766601562, "classId": "car", "frame_number": 1210.0, "NN_threshold": 0.6, "Area_percentage": 0.8}, "1": {"x1": 384.1695556640625, "y1": 111.46356964111328, "x2": 397.79522705078125, "y2": 120.53431701660156, "classId": "car", "frame_number": 1210.0, "NN_threshold": 0.6, "Area_percentage": 0.8}, "2": {"x1": 206.8249969482422, "y1": 104.51808166503906, "x2": 240.58692932128906, "y2": 134.42098999023438, "classId": "truck", "frame_number": 1210.0, "NN_threshold": 0.6, "Area_percentage": 0.8}, "3": {"x1": 360.692626953125, "y1": 110.58370208740234, "x2": 378.5477294921875, "y2": 125.64215087890625, "classId": "car", "frame_number": 1210.0, "NN_threshold": 0.6, "Area_percentage": 0.8}, "4": {"x1": 343.8290710449219, "y1": 90.0826187133789, "x2": 347.8122863769531, "y2": 94.73621368408203, "classId": "car", "frame_number": 1210.0, "NN_threshold": 0.6, "Area_percentage": 0.8}}