{"0": {"x1": 262.1841125488281, "y1": 89.60692596435547, "x2": 278.2481689453125, "y2": 103.62149047851562, "classId": "car", "frame_number": 1130.0, "NN_threshold": 0.7, "Area_percentage": 0.7}, "1": {"x1": 365.099365234375, "y1": 90.33446502685547, "x2": 382.0771484375, "y2": 106.91454315185547, "classId": "truck", "frame_number": 1130.0, "NN_threshold": 0.7, "Area_percentage": 0.7}}