{"0": {"x1": 374.9954833984375, "y1": 96.06966400146484, "x2": 388.143798828125, "y2": 103.7653579711914, "classId": "car", "frame_number": 290.0, "NN_threshold": 0.8, "Area_percentage": 0.7}, "1": {"x1": 273.2959289550781, "y1": 84.75517272949219, "x2": 281.08819580078125, "y2": 90.3584213256836, "classId": "car", "frame_number": 290.0, "NN_threshold": 0.8, "Area_percentage": 0.7}}