{"0": {"x1": 499.4312744140625, "y1": 147.89077758789062, "x2": 599.974853515625, "y2": 264.4003601074219, "classId": "truck", "frame_number": 1010.0, "NN_threshold": 0.7, "Area_percentage": 0.8}, "1": {"x1": 375.1878356933594, "y1": 102.80046844482422, "x2": 387.1311950683594, "y2": 111.46597290039062, "classId": "car", "frame_number": 1010.0, "NN_threshold": 0.7, "Area_percentage": 0.8}, "2": {"x1": 388.2948303222656, "y1": 134.1260223388672, "x2": 415.01812744140625, "y2": 154.49940490722656, "classId": "car", "frame_number": 1010.0, "NN_threshold": 0.7, "Area_percentage": 0.8}}