{"0": {"x1": 5.7380828857421875, "y1": 104.00790405273438, "x2": 162.2441864013672, "y2": 247.5420684814453, "classId": "truck", "frame_number": 890.0, "NN_threshold": 0.5, "Area_percentage": 0.6}, "1": {"x1": 356.6187744140625, "y1": 105.79930877685547, "x2": 369.2624206542969, "y2": 114.86892700195312, "classId": "car", "frame_number": 890.0, "NN_threshold": 0.5, "Area_percentage": 0.6}, "2": {"x1": 349.6521301269531, "y1": 95.80105590820312, "x2": 359.7298278808594, "y2": 105.85269165039062, "classId": "car", "frame_number": 890.0, "NN_threshold": 0.5, "Area_percentage": 0.6}, "3": {"x1": 352.4713439941406, "y1": 88.73570251464844, "x2": 359.4918212890625, "y2": 95.63163757324219, "classId": "car", "frame_number": 890.0, "NN_threshold": 0.5, "Area_percentage": 0.6}, "4": {"x1": 296.37176513671875, "y1": 80.58724975585938, "x2": 302.2362976074219, "y2": 86.34392547607422, "classId": "car", "frame_number": 890.0, "NN_threshold": 0.5, "Area_percentage": 0.6}, "5": {"x1": 344.09405517578125, "y1": 91.2187728881836, "x2": 352.0171203613281, "y2": 99.1547622680664, "classId": "car", "frame_number": 890.0, "NN_threshold": 0.5, "Area_percentage": 0.6}, "6": {"x1": 345.226806640625, "y1": 83.2080307006836, "x2": 352.71240234375, "y2": 90.64913940429688, "classId": "car", "frame_number": 890.0, "NN_threshold": 0.5, "Area_percentage": 0.6}, "7": {"x1": 0.0, "y1": 128.5677032470703, "x2": 75.25096893310547, "y2": 249.14013671875, "classId": "truck", "frame_number": 890.0, "NN_threshold": 0.5, "Area_percentage": 0.6}}