{"0": {"x1": 471.44232177734375, "y1": 215.53414916992188, "x2": 550.2481689453125, "y2": 269.7596435546875, "classId": "car", "frame_number": 980.0, "NN_threshold": 0.8, "Area_percentage": 0.8}, "1": {"x1": 396.81109619140625, "y1": 115.26310729980469, "x2": 412.79302978515625, "y2": 126.73480987548828, "classId": "car", "frame_number": 980.0, "NN_threshold": 0.8, "Area_percentage": 0.8}}