{"0": {"x1": 370.0353088378906, "y1": 103.58084869384766, "x2": 381.24981689453125, "y2": 112.74307250976562, "classId": "car", "frame_number": 1360.0, "NN_threshold": 0.8, "Area_percentage": 0.8}, "1": {"x1": 353.4480285644531, "y1": 96.03727722167969, "x2": 359.9805908203125, "y2": 101.66146850585938, "classId": "car", "frame_number": 1360.0, "NN_threshold": 0.8, "Area_percentage": 0.8}, "2": {"x1": 280.0088195800781, "y1": 93.15128326416016, "x2": 286.8988342285156, "y2": 100.19811248779297, "classId": "car", "frame_number": 1360.0, "NN_threshold": 0.8, "Area_percentage": 0.8}, "3": {"x1": 379.7235107421875, "y1": 108.07183074951172, "x2": 392.75616455078125, "y2": 120.37506103515625, "classId": "car", "frame_number": 1360.0, "NN_threshold": 0.8, "Area_percentage": 0.8}}