{"0": {"x1": 454.92822265625, "y1": 139.85498046875, "x2": 489.31451416015625, "y2": 163.47898864746094, "classId": "car", "frame_number": 600.0, "NN_threshold": 0.8, "Area_percentage": 0.5}, "1": {"x1": 211.94593811035156, "y1": 107.21873474121094, "x2": 234.174560546875, "y2": 124.18729400634766, "classId": "car", "frame_number": 600.0, "NN_threshold": 0.8, "Area_percentage": 0.5}, "2": {"x1": 359.7410888671875, "y1": 90.30408477783203, "x2": 368.9881591796875, "y2": 97.0789794921875, "classId": "car", "frame_number": 600.0, "NN_threshold": 0.8, "Area_percentage": 0.5}}