{"0": {"x1": 189.08116149902344, "y1": 112.73162841796875, "x2": 212.4633331298828, "y2": 130.16567993164062, "classId": "car", "frame_number": 200.0, "NN_threshold": 0.8, "Area_percentage": 0.5}, "1": {"x1": 232.71913146972656, "y1": 113.35699462890625, "x2": 254.19903564453125, "y2": 129.62721252441406, "classId": "car", "frame_number": 200.0, "NN_threshold": 0.8, "Area_percentage": 0.5}, "2": {"x1": 546.9332275390625, "y1": 192.72923278808594, "x2": 598.6031494140625, "y2": 238.34561157226562, "classId": "car", "frame_number": 200.0, "NN_threshold": 0.8, "Area_percentage": 0.5}, "3": {"x1": 289.43304443359375, "y1": 75.35382080078125, "x2": 295.03253173828125, "y2": 79.6644515991211, "classId": "car", "frame_number": 200.0, "NN_threshold": 0.8, "Area_percentage": 0.5}}