{"0": {"x1": 378.8627014160156, "y1": 126.10736846923828, "x2": 400.5450439453125, "y2": 142.72537231445312, "classId": "car", "frame_number": 1020.0, "NN_threshold": 0.8, "Area_percentage": 0.5}, "1": {"x1": 460.4584655761719, "y1": 132.61221313476562, "x2": 577.6987915039062, "y2": 207.8380889892578, "classId": "truck", "frame_number": 1020.0, "NN_threshold": 0.8, "Area_percentage": 0.5}}