{"0": {"x1": 476.02728271484375, "y1": 159.47299194335938, "x2": 519.4519653320312, "y2": 190.3221893310547, "classId": "car", "frame_number": 1380.0, "NN_threshold": 0.6, "Area_percentage": 0.6}, "1": {"x1": 275.31475830078125, "y1": 94.94032287597656, "x2": 283.78460693359375, "y2": 102.18702697753906, "classId": "car", "frame_number": 1380.0, "NN_threshold": 0.6, "Area_percentage": 0.6}, "2": {"x1": 363.998291015625, "y1": 100.91342163085938, "x2": 374.0462646484375, "y2": 108.05046844482422, "classId": "car", "frame_number": 1380.0, "NN_threshold": 0.6, "Area_percentage": 0.6}, "3": {"x1": 368.574951171875, "y1": 102.10637664794922, "x2": 381.2164001464844, "y2": 113.48859405517578, "classId": "car", "frame_number": 1380.0, "NN_threshold": 0.6, "Area_percentage": 0.6}, "4": {"x1": 365.0506896972656, "y1": 101.3211898803711, "x2": 378.0668640136719, "y2": 111.03792572021484, "classId": "car", "frame_number": 1380.0, "NN_threshold": 0.6, "Area_percentage": 0.6}}