{"0": {"x1": 380.10736083984375, "y1": 96.68012237548828, "x2": 405.4754638671875, "y2": 120.24827575683594, "classId": "truck", "frame_number": 1090.0, "NN_threshold": 0.8, "Area_percentage": 0.5}, "1": {"x1": 273.4803161621094, "y1": 88.39823150634766, "x2": 285.3750915527344, "y2": 100.24970245361328, "classId": "car", "frame_number": 1090.0, "NN_threshold": 0.8, "Area_percentage": 0.5}, "2": {"x1": 352.7093505859375, "y1": 92.53187561035156, "x2": 359.0018005371094, "y2": 97.58806610107422, "classId": "car", "frame_number": 1090.0, "NN_threshold": 0.8, "Area_percentage": 0.5}, "3": {"x1": 351.3568420410156, "y1": 99.29071807861328, "x2": 360.08709716796875, "y2": 108.57354736328125, "classId": "car", "frame_number": 1090.0, "NN_threshold": 0.8, "Area_percentage": 0.5}}