{"0": {"x1": 369.7417297363281, "y1": 84.7041244506836, "x2": 396.55462646484375, "y2": 109.39341735839844, "classId": "truck", "frame_number": 450.0, "NN_threshold": 0.8, "Area_percentage": 0.6}, "1": {"x1": 403.8092041015625, "y1": 143.03269958496094, "x2": 438.729736328125, "y2": 166.73922729492188, "classId": "car", "frame_number": 450.0, "NN_threshold": 0.8, "Area_percentage": 0.6}}