{"0": {"x1": 401.0415344238281, "y1": 101.31309509277344, "x2": 420.5569763183594, "y2": 116.83956909179688, "classId": "car", "frame_number": 120.0, "NN_threshold": 0.7, "Area_percentage": 0.7}, "1": {"x1": 264.3624572753906, "y1": 84.79967498779297, "x2": 273.11224365234375, "y2": 91.68551635742188, "classId": "car", "frame_number": 120.0, "NN_threshold": 0.7, "Area_percentage": 0.7}, "2": {"x1": 44.78813171386719, "y1": 153.0869903564453, "x2": 108.93641662597656, "y2": 199.88893127441406, "classId": "car", "frame_number": 120.0, "NN_threshold": 0.7, "Area_percentage": 0.7}, "3": {"x1": 283.0457763671875, "y1": 83.95586395263672, "x2": 291.5904846191406, "y2": 90.91972351074219, "classId": "car", "frame_number": 120.0, "NN_threshold": 0.7, "Area_percentage": 0.7}, "4": {"x1": 330.3957214355469, "y1": 68.01810455322266, "x2": 337.14154052734375, "y2": 73.79804992675781, "classId": "car", "frame_number": 120.0, "NN_threshold": 0.7, "Area_percentage": 0.7}}