{"0": {"x1": 448.5228576660156, "y1": 148.99957275390625, "x2": 484.8821105957031, "y2": 174.8723602294922, "classId": "car", "frame_number": 1630.0, "NN_threshold": 0.8, "Area_percentage": 0.8}, "1": {"x1": 425.36773681640625, "y1": 180.7351837158203, "x2": 471.177490234375, "y2": 210.9860382080078, "classId": "car", "frame_number": 1630.0, "NN_threshold": 0.8, "Area_percentage": 0.8}, "2": {"x1": 365.03240966796875, "y1": 105.18501281738281, "x2": 375.77191162109375, "y2": 113.39053344726562, "classId": "car", "frame_number": 1630.0, "NN_threshold": 0.8, "Area_percentage": 0.8}}