{"0": {"x1": 352.4000549316406, "y1": 109.47142791748047, "x2": 363.2845764160156, "y2": 117.33157348632812, "classId": "car", "frame_number": 1720.0, "NN_threshold": 0.8, "Area_percentage": 0.5}, "1": {"x1": 364.911376953125, "y1": 104.3863525390625, "x2": 374.7347412109375, "y2": 112.40986633300781, "classId": "car", "frame_number": 1720.0, "NN_threshold": 0.8, "Area_percentage": 0.5}, "2": {"x1": 414.0035095214844, "y1": 128.16139221191406, "x2": 443.20172119140625, "y2": 150.4432830810547, "classId": "car", "frame_number": 1720.0, "NN_threshold": 0.8, "Area_percentage": 0.5}, "3": {"x1": 347.6059265136719, "y1": 96.54578399658203, "x2": 352.8868408203125, "y2": 100.73700714111328, "classId": "car", "frame_number": 1720.0, "NN_threshold": 0.8, "Area_percentage": 0.5}}