{"0": {"x1": 374.8374328613281, "y1": 106.64432525634766, "x2": 385.9140319824219, "y2": 115.41581726074219, "classId": "car", "frame_number": 1350.0, "NN_threshold": 0.5, "Area_percentage": 0.8}, "1": {"x1": 385.1962585449219, "y1": 111.77043914794922, "x2": 400.7502136230469, "y2": 125.29194641113281, "classId": "car", "frame_number": 1350.0, "NN_threshold": 0.5, "Area_percentage": 0.8}, "2": {"x1": 355.4152526855469, "y1": 97.6524887084961, "x2": 361.7653503417969, "y2": 102.93644714355469, "classId": "car", "frame_number": 1350.0, "NN_threshold": 0.5, "Area_percentage": 0.8}, "3": {"x1": 281.36895751953125, "y1": 93.03076171875, "x2": 288.8420715332031, "y2": 99.57415771484375, "classId": "car", "frame_number": 1350.0, "NN_threshold": 0.5, "Area_percentage": 0.8}, "4": {"x1": 347.1109924316406, "y1": 92.58714294433594, "x2": 352.35601806640625, "y2": 97.46267700195312, "classId": "car", "frame_number": 1350.0, "NN_threshold": 0.5, "Area_percentage": 0.8}}