{"0": {"x1": 164.05221557617188, "y1": 122.63321685791016, "x2": 191.80844116210938, "y2": 142.67312622070312, "classId": "car", "frame_number": 210.0, "NN_threshold": 0.5, "Area_percentage": 0.7}, "1": {"x1": 488.0615234375, "y1": 158.9916534423828, "x2": 544.4201049804688, "y2": 190.05503845214844, "classId": "car", "frame_number": 210.0, "NN_threshold": 0.5, "Area_percentage": 0.7}, "2": {"x1": 215.3701934814453, "y1": 123.47991943359375, "x2": 241.55662536621094, "y2": 143.3133087158203, "classId": "car", "frame_number": 210.0, "NN_threshold": 0.5, "Area_percentage": 0.7}, "3": {"x1": 288.0465393066406, "y1": 76.675048828125, "x2": 293.5882263183594, "y2": 80.47159576416016, "classId": "car", "frame_number": 210.0, "NN_threshold": 0.5, "Area_percentage": 0.7}, "4": {"x1": 288.5134582519531, "y1": 77.22171783447266, "x2": 292.5095520019531, "y2": 79.77142333984375, "classId": "car", "frame_number": 210.0, "NN_threshold": 0.5, "Area_percentage": 0.7}, "5": {"x1": 356.77313232421875, "y1": 81.6205825805664, "x2": 365.6605529785156, "y2": 88.9608383178711, "classId": "car", "frame_number": 210.0, "NN_threshold": 0.5, "Area_percentage": 0.7}, "6": {"x1": 289.8389587402344, "y1": 76.38811492919922, "x2": 294.0765686035156, "y2": 79.30126953125, "classId": "car", "frame_number": 210.0, "NN_threshold": 0.5, "Area_percentage": 0.7}}