{"0": {"x1": 399.0841979980469, "y1": 91.3139877319336, "x2": 444.8739318847656, "y2": 130.3309783935547, "classId": "truck", "frame_number": 410.0, "NN_threshold": 0.5, "Area_percentage": 0.8}, "1": {"x1": 156.01113891601562, "y1": 124.46543884277344, "x2": 188.76043701171875, "y2": 150.7678985595703, "classId": "car", "frame_number": 410.0, "NN_threshold": 0.5, "Area_percentage": 0.8}, "2": {"x1": 346.934814453125, "y1": 80.45501708984375, "x2": 353.34686279296875, "y2": 85.85528564453125, "classId": "car", "frame_number": 410.0, "NN_threshold": 0.5, "Area_percentage": 0.8}}