{"0": {"x1": 414.6240234375, "y1": 127.79084777832031, "x2": 440.57379150390625, "y2": 147.34194946289062, "classId": "car", "frame_number": 1320.0, "NN_threshold": 0.5, "Area_percentage": 0.6}, "1": {"x1": 391.6651916503906, "y1": 114.4558334350586, "x2": 407.3320617675781, "y2": 127.2002944946289, "classId": "car", "frame_number": 1320.0, "NN_threshold": 0.5, "Area_percentage": 0.6}, "2": {"x1": 351.1880187988281, "y1": 94.5867691040039, "x2": 356.6757507324219, "y2": 99.56912994384766, "classId": "car", "frame_number": 1320.0, "NN_threshold": 0.5, "Area_percentage": 0.6}, "3": {"x1": 362.1705627441406, "y1": 101.32079315185547, "x2": 371.0950012207031, "y2": 107.63444519042969, "classId": "car", "frame_number": 1320.0, "NN_threshold": 0.5, "Area_percentage": 0.6}, "4": {"x1": 286.34820556640625, "y1": 89.34745788574219, "x2": 292.6682434082031, "y2": 96.11660766601562, "classId": "car", "frame_number": 1320.0, "NN_threshold": 0.5, "Area_percentage": 0.6}, "5": {"x1": 339.0936584472656, "y1": 93.53962707519531, "x2": 345.80023193359375, "y2": 100.18620300292969, "classId": "car", "frame_number": 1320.0, "NN_threshold": 0.5, "Area_percentage": 0.6}}