{"0": {"x1": 479.01055908203125, "y1": 220.4913787841797, "x2": 559.6646728515625, "y2": 276.90728759765625, "classId": "car", "frame_number": 1790.0, "NN_threshold": 0.8, "Area_percentage": 0.8}, "1": {"x1": 280.1599426269531, "y1": 97.9498519897461, "x2": 286.9084777832031, "y2": 104.0318374633789, "classId": "car", "frame_number": 1790.0, "NN_threshold": 0.8, "Area_percentage": 0.8}, "2": {"x1": 342.1265869140625, "y1": 100.5260238647461, "x2": 348.681396484375, "y2": 104.85027313232422, "classId": "car", "frame_number": 1790.0, "NN_threshold": 0.8, "Area_percentage": 0.8}, "3": {"x1": 367.3460693359375, "y1": 105.53782653808594, "x2": 379.9058837890625, "y2": 114.50606536865234, "classId": "car", "frame_number": 1790.0, "NN_threshold": 0.8, "Area_percentage": 0.8}, "4": {"x1": 291.4087219238281, "y1": 98.18238067626953, "x2": 297.8050231933594, "y2": 104.01754760742188, "classId": "car", "frame_number": 1790.0, "NN_threshold": 0.8, "Area_percentage": 0.8}}