{"0": {"x1": 549.9088134765625, "y1": 203.96144104003906, "x2": 599.9861450195312, "y2": 249.9396209716797, "classId": "car", "frame_number": 470.0, "NN_threshold": 0.5, "Area_percentage": 0.7}, "1": {"x1": 375.7190246582031, "y1": 119.12328338623047, "x2": 398.66357421875, "y2": 135.05824279785156, "classId": "car", "frame_number": 470.0, "NN_threshold": 0.5, "Area_percentage": 0.7}, "2": {"x1": 280.8764343261719, "y1": 83.569580078125, "x2": 288.35888671875, "y2": 90.27403259277344, "classId": "car", "frame_number": 470.0, "NN_threshold": 0.5, "Area_percentage": 0.7}, "3": {"x1": 364.3338623046875, "y1": 83.38591003417969, "x2": 384.734130859375, "y2": 103.92962646484375, "classId": "car", "frame_number": 470.0, "NN_threshold": 0.5, "Area_percentage": 0.7}, "4": {"x1": 300.7173767089844, "y1": 73.62124633789062, "x2": 305.7662353515625, "y2": 80.06410217285156, "classId": "car", "frame_number": 470.0, "NN_threshold": 0.5, "Area_percentage": 0.7}}