{"0": {"x1": 408.2253723144531, "y1": 125.26813507080078, "x2": 430.2880859375, "y2": 141.58201599121094, "classId": "car", "frame_number": 1410.0, "NN_threshold": 0.8, "Area_percentage": 0.5}, "1": {"x1": 266.1907043457031, "y1": 99.21651458740234, "x2": 276.0359191894531, "y2": 107.90296173095703, "classId": "car", "frame_number": 1410.0, "NN_threshold": 0.8, "Area_percentage": 0.5}}