{"0": {"x1": 271.2314147949219, "y1": 88.40325927734375, "x2": 283.3824768066406, "y2": 100.00288391113281, "classId": "car", "frame_number": 1100.0, "NN_threshold": 0.5, "Area_percentage": 0.7}, "1": {"x1": 374.4311218261719, "y1": 94.3551025390625, "x2": 398.09783935546875, "y2": 115.13661193847656, "classId": "truck", "frame_number": 1100.0, "NN_threshold": 0.5, "Area_percentage": 0.7}, "2": {"x1": 351.4600830078125, "y1": 91.11752319335938, "x2": 357.2674255371094, "y2": 95.57091522216797, "classId": "car", "frame_number": 1100.0, "NN_threshold": 0.5, "Area_percentage": 0.7}, "3": {"x1": 349.9896240234375, "y1": 94.98945617675781, "x2": 358.2602844238281, "y2": 104.94099426269531, "classId": "car", "frame_number": 1100.0, "NN_threshold": 0.5, "Area_percentage": 0.7}, "4": {"x1": 331.2218017578125, "y1": 79.66183471679688, "x2": 340.6643371582031, "y2": 86.8939208984375, "classId": "car", "frame_number": 1100.0, "NN_threshold": 0.5, "Area_percentage": 0.7}, "5": {"x1": 349.9361267089844, "y1": 92.53532409667969, "x2": 358.5568542480469, "y2": 104.95474243164062, "classId": "truck", "frame_number": 1100.0, "NN_threshold": 0.5, "Area_percentage": 0.7}}