{"0": {"x1": 364.45294189453125, "y1": 90.81790924072266, "x2": 375.1090393066406, "y2": 97.7413330078125, "classId": "car", "frame_number": 320.0, "NN_threshold": 0.6, "Area_percentage": 0.6}, "1": {"x1": 262.9824523925781, "y1": 88.25293731689453, "x2": 273.0450439453125, "y2": 96.86650848388672, "classId": "car", "frame_number": 320.0, "NN_threshold": 0.6, "Area_percentage": 0.6}}