{"0": {"x1": 586.2430419921875, "y1": 175.4920196533203, "x2": 599.8450927734375, "y2": 235.02992248535156, "classId": "car", "frame_number": 660.0, "NN_threshold": 0.6, "Area_percentage": 0.6}, "1": {"x1": 535.35400390625, "y1": 175.8768310546875, "x2": 594.7216186523438, "y2": 236.89389038085938, "classId": "car", "frame_number": 660.0, "NN_threshold": 0.6, "Area_percentage": 0.6}, "2": {"x1": 378.8158264160156, "y1": 101.15846252441406, "x2": 390.5966796875, "y2": 110.7442626953125, "classId": "car", "frame_number": 660.0, "NN_threshold": 0.6, "Area_percentage": 0.6}, "3": {"x1": 285.7430419921875, "y1": 77.44878387451172, "x2": 295.156005859375, "y2": 88.2455825805664, "classId": "truck", "frame_number": 660.0, "NN_threshold": 0.6, "Area_percentage": 0.6}}