{"0": {"x1": 422.8885498046875, "y1": 131.401611328125, "x2": 450.4855041503906, "y2": 152.98370361328125, "classId": "car", "frame_number": 1400.0, "NN_threshold": 0.6, "Area_percentage": 0.8}, "1": {"x1": 270.0536804199219, "y1": 97.82868194580078, "x2": 278.9142150878906, "y2": 106.16061401367188, "classId": "car", "frame_number": 1400.0, "NN_threshold": 0.6, "Area_percentage": 0.8}, "2": {"x1": 360.45001220703125, "y1": 98.79999542236328, "x2": 371.20965576171875, "y2": 108.27113342285156, "classId": "car", "frame_number": 1400.0, "NN_threshold": 0.6, "Area_percentage": 0.8}, "3": {"x1": 362.9057312011719, "y1": 101.04280090332031, "x2": 372.6990051269531, "y2": 109.6647720336914, "classId": "car", "frame_number": 1400.0, "NN_threshold": 0.6, "Area_percentage": 0.8}, "4": {"x1": 359.1864318847656, "y1": 98.07384490966797, "x2": 366.95587158203125, "y2": 105.44373321533203, "classId": "car", "frame_number": 1400.0, "NN_threshold": 0.6, "Area_percentage": 0.8}, "5": {"x1": 347.7229919433594, "y1": 93.45648956298828, "x2": 352.91143798828125, "y2": 98.58072662353516, "classId": "car", "frame_number": 1400.0, "NN_threshold": 0.6, "Area_percentage": 0.8}, "6": {"x1": 341.8523254394531, "y1": 89.98348236083984, "x2": 347.93109130859375, "y2": 95.07402801513672, "classId": "car", "frame_number": 1400.0, "NN_threshold": 0.6, "Area_percentage": 0.8}, "7": {"x1": 340.4786682128906, "y1": 88.5913314819336, "x2": 350.1424560546875, "y2": 96.31208801269531, "classId": "car", "frame_number": 1400.0, "NN_threshold": 0.6, "Area_percentage": 0.8}}