{"0": {"x1": 399.435546875, "y1": 119.24443054199219, "x2": 418.3999938964844, "y2": 131.95750427246094, "classId": "car", "frame_number": 1190.0, "NN_threshold": 0.6, "Area_percentage": 0.6}, "1": {"x1": 372.4405517578125, "y1": 121.27444458007812, "x2": 396.58685302734375, "y2": 141.34535217285156, "classId": "car", "frame_number": 1190.0, "NN_threshold": 0.6, "Area_percentage": 0.6}, "2": {"x1": 343.4311218261719, "y1": 90.299072265625, "x2": 349.59771728515625, "y2": 96.73755645751953, "classId": "car", "frame_number": 1190.0, "NN_threshold": 0.6, "Area_percentage": 0.6}, "3": {"x1": 351.83282470703125, "y1": 89.75670623779297, "x2": 363.2198181152344, "y2": 100.58533477783203, "classId": "truck", "frame_number": 1190.0, "NN_threshold": 0.6, "Area_percentage": 0.6}, "4": {"x1": 340.9039611816406, "y1": 88.34406280517578, "x2": 345.1130676269531, "y2": 92.83805084228516, "classId": "car", "frame_number": 1190.0, "NN_threshold": 0.6, "Area_percentage": 0.6}, "5": {"x1": 227.84237670898438, "y1": 99.71937561035156, "x2": 259.3232116699219, "y2": 122.8840560913086, "classId": "truck", "frame_number": 1190.0, "NN_threshold": 0.6, "Area_percentage": 0.6}}