{"0": {"x1": 254.75192260742188, "y1": 88.83644104003906, "x2": 264.6882019042969, "y2": 98.03108215332031, "classId": "car", "frame_number": 140.0, "NN_threshold": 0.6, "Area_percentage": 0.8}, "1": {"x1": 276.7681884765625, "y1": 88.73092651367188, "x2": 285.95880126953125, "y2": 96.95211029052734, "classId": "car", "frame_number": 140.0, "NN_threshold": 0.6, "Area_percentage": 0.8}, "2": {"x1": 384.403076171875, "y1": 94.84100341796875, "x2": 399.4046936035156, "y2": 106.77799987792969, "classId": "car", "frame_number": 140.0, "NN_threshold": 0.6, "Area_percentage": 0.8}}