{"0": {"x1": 483.5789794921875, "y1": 167.18177795410156, "x2": 532.892333984375, "y2": 201.5403594970703, "classId": "car", "frame_number": 1620.0, "NN_threshold": 0.6, "Area_percentage": 0.7}, "1": {"x1": 463.22039794921875, "y1": 220.4732208251953, "x2": 530.8154907226562, "y2": 263.6191101074219, "classId": "car", "frame_number": 1620.0, "NN_threshold": 0.6, "Area_percentage": 0.7}, "2": {"x1": 369.8138427734375, "y1": 107.29896545410156, "x2": 380.2666931152344, "y2": 115.20500946044922, "classId": "car", "frame_number": 1620.0, "NN_threshold": 0.6, "Area_percentage": 0.7}, "3": {"x1": 339.3498840332031, "y1": 98.25592803955078, "x2": 345.8096008300781, "y2": 102.1861572265625, "classId": "car", "frame_number": 1620.0, "NN_threshold": 0.6, "Area_percentage": 0.7}, "4": {"x1": 341.18194580078125, "y1": 90.79183959960938, "x2": 347.60858154296875, "y2": 96.49026489257812, "classId": "car", "frame_number": 1620.0, "NN_threshold": 0.6, "Area_percentage": 0.7}, "5": {"x1": 338.9106140136719, "y1": 95.45673370361328, "x2": 347.0108337402344, "y2": 102.7694320678711, "classId": "car", "frame_number": 1620.0, "NN_threshold": 0.6, "Area_percentage": 0.7}}