{"0": {"x1": 350.0872497558594, "y1": 98.01406860351562, "x2": 356.70721435546875, "y2": 103.18521881103516, "classId": "car", "frame_number": 1700.0, "NN_threshold": 0.8, "Area_percentage": 0.6}, "1": {"x1": 358.3914489746094, "y1": 114.51880645751953, "x2": 370.58935546875, "y2": 124.38282012939453, "classId": "car", "frame_number": 1700.0, "NN_threshold": 0.8, "Area_percentage": 0.6}, "2": {"x1": 454.6537170410156, "y1": 149.99850463867188, "x2": 498.4482421875, "y2": 181.3166046142578, "classId": "car", "frame_number": 1700.0, "NN_threshold": 0.8, "Area_percentage": 0.6}, "3": {"x1": 372.8153381347656, "y1": 108.5636978149414, "x2": 383.22314453125, "y2": 118.44005584716797, "classId": "car", "frame_number": 1700.0, "NN_threshold": 0.8, "Area_percentage": 0.6}}