{"0": {"x1": 357.1259460449219, "y1": 86.56238555908203, "x2": 365.46697998046875, "y2": 92.42725372314453, "classId": "car", "frame_number": 350.0, "NN_threshold": 0.5, "Area_percentage": 0.5}, "1": {"x1": 247.56903076171875, "y1": 93.47797393798828, "x2": 260.2696533203125, "y2": 105.09242248535156, "classId": "car", "frame_number": 350.0, "NN_threshold": 0.5, "Area_percentage": 0.5}, "2": {"x1": 340.9232177734375, "y1": 77.13727569580078, "x2": 344.59149169921875, "y2": 80.77981567382812, "classId": "car", "frame_number": 350.0, "NN_threshold": 0.5, "Area_percentage": 0.5}}