{"0": {"x1": 441.97137451171875, "y1": 141.20358276367188, "x2": 474.9210205078125, "y2": 164.77972412109375, "classId": "car", "frame_number": 1280.0, "NN_threshold": 0.5, "Area_percentage": 0.7}, "1": {"x1": 377.8987731933594, "y1": 109.0172348022461, "x2": 390.1730651855469, "y2": 116.97560119628906, "classId": "car", "frame_number": 1280.0, "NN_threshold": 0.5, "Area_percentage": 0.7}, "2": {"x1": 358.2386779785156, "y1": 96.9689712524414, "x2": 365.5497741699219, "y2": 102.94908142089844, "classId": "car", "frame_number": 1280.0, "NN_threshold": 0.5, "Area_percentage": 0.7}, "3": {"x1": 0.45040786266326904, "y1": 170.38043212890625, "x2": 101.1452407836914, "y2": 245.1045379638672, "classId": "truck", "frame_number": 1280.0, "NN_threshold": 0.5, "Area_percentage": 0.7}, "4": {"x1": 554.3256225585938, "y1": 206.26951599121094, "x2": 599.2322387695312, "y2": 268.8206787109375, "classId": "car", "frame_number": 1280.0, "NN_threshold": 0.5, "Area_percentage": 0.7}, "5": {"x1": 341.32781982421875, "y1": 86.29759979248047, "x2": 350.14013671875, "y2": 93.79922485351562, "classId": "car", "frame_number": 1280.0, "NN_threshold": 0.5, "Area_percentage": 0.7}, "6": {"x1": 343.9660949707031, "y1": 96.19268798828125, "x2": 352.5584716796875, "y2": 104.3755111694336, "classId": "car", "frame_number": 1280.0, "NN_threshold": 0.5, "Area_percentage": 0.7}, "7": {"x1": 343.8404846191406, "y1": 86.68350219726562, "x2": 349.89666748046875, "y2": 91.96964263916016, "classId": "car", "frame_number": 1280.0, "NN_threshold": 0.5, "Area_percentage": 0.7}}