{"0": {"x1": 343.8787536621094, "y1": 101.67591094970703, "x2": 351.3492126464844, "y2": 107.7428970336914, "classId": "car", "frame_number": 1770.0, "NN_threshold": 0.7, "Area_percentage": 0.5}, "1": {"x1": 353.6047668457031, "y1": 98.87571716308594, "x2": 360.3110046386719, "y2": 105.02674102783203, "classId": "car", "frame_number": 1770.0, "NN_threshold": 0.7, "Area_percentage": 0.5}, "2": {"x1": 283.9220886230469, "y1": 96.84532928466797, "x2": 289.5309143066406, "y2": 102.20915985107422, "classId": "car", "frame_number": 1770.0, "NN_threshold": 0.7, "Area_percentage": 0.5}, "3": {"x1": 376.6700134277344, "y1": 109.20077514648438, "x2": 390.38189697265625, "y2": 119.99602508544922, "classId": "car", "frame_number": 1770.0, "NN_threshold": 0.7, "Area_percentage": 0.5}, "4": {"x1": 294.0365295410156, "y1": 96.58594512939453, "x2": 300.21783447265625, "y2": 101.75550079345703, "classId": "car", "frame_number": 1770.0, "NN_threshold": 0.7, "Area_percentage": 0.5}}