{"0": {"x1": 393.3160400390625, "y1": 117.23115539550781, "x2": 413.8478698730469, "y2": 133.37611389160156, "classId": "car", "frame_number": 1740.0, "NN_threshold": 0.5, "Area_percentage": 0.8}, "1": {"x1": 359.01251220703125, "y1": 101.69744110107422, "x2": 367.7276306152344, "y2": 108.81202697753906, "classId": "car", "frame_number": 1740.0, "NN_threshold": 0.5, "Area_percentage": 0.8}, "2": {"x1": 348.2890625, "y1": 105.89898681640625, "x2": 357.5404968261719, "y2": 112.70034790039062, "classId": "car", "frame_number": 1740.0, "NN_threshold": 0.5, "Area_percentage": 0.8}, "3": {"x1": 288.1407165527344, "y1": 94.6553955078125, "x2": 293.4198303222656, "y2": 99.56069946289062, "classId": "car", "frame_number": 1740.0, "NN_threshold": 0.5, "Area_percentage": 0.8}, "4": {"x1": 345.0422668457031, "y1": 95.3219223022461, "x2": 350.122802734375, "y2": 99.49019622802734, "classId": "car", "frame_number": 1740.0, "NN_threshold": 0.5, "Area_percentage": 0.8}, "5": {"x1": 297.3807678222656, "y1": 94.49281311035156, "x2": 301.9656982421875, "y2": 99.25261688232422, "classId": "car", "frame_number": 1740.0, "NN_threshold": 0.5, "Area_percentage": 0.8}, "6": {"x1": 298.3856201171875, "y1": 95.49080657958984, "x2": 302.27508544921875, "y2": 98.5520248413086, "classId": "car", "frame_number": 1740.0, "NN_threshold": 0.5, "Area_percentage": 0.8}}