{"0": {"x1": 410.6558837890625, "y1": 127.6106948852539, "x2": 430.8166809082031, "y2": 140.93179321289062, "classId": "car", "frame_number": 1240.0, "NN_threshold": 0.7, "Area_percentage": 0.6}, "1": {"x1": 141.333251953125, "y1": 116.3106460571289, "x2": 215.31629943847656, "y2": 168.038818359375, "classId": "truck", "frame_number": 1240.0, "NN_threshold": 0.7, "Area_percentage": 0.6}, "2": {"x1": 368.59112548828125, "y1": 103.38658142089844, "x2": 379.8309020996094, "y2": 110.6910171508789, "classId": "car", "frame_number": 1240.0, "NN_threshold": 0.7, "Area_percentage": 0.6}, "3": {"x1": 351.1329040527344, "y1": 102.48087310791016, "x2": 363.34967041015625, "y2": 112.87562561035156, "classId": "car", "frame_number": 1240.0, "NN_threshold": 0.7, "Area_percentage": 0.6}, "4": {"x1": 345.8708190917969, "y1": 88.88072967529297, "x2": 354.646240234375, "y2": 96.50542449951172, "classId": "car", "frame_number": 1240.0, "NN_threshold": 0.7, "Area_percentage": 0.6}}