{"0": {"x1": 277.2983093261719, "y1": 86.94134521484375, "x2": 287.9897155761719, "y2": 97.31132507324219, "classId": "car", "frame_number": 1070.0, "NN_threshold": 0.8, "Area_percentage": 0.7}, "1": {"x1": 356.0603332519531, "y1": 93.83354949951172, "x2": 363.5363464355469, "y2": 100.10249328613281, "classId": "car", "frame_number": 1070.0, "NN_threshold": 0.8, "Area_percentage": 0.7}, "2": {"x1": 389.77911376953125, "y1": 101.6917724609375, "x2": 424.00433349609375, "y2": 130.2299041748047, "classId": "truck", "frame_number": 1070.0, "NN_threshold": 0.8, "Area_percentage": 0.7}}