{"0": {"x1": 106.85704040527344, "y1": 151.2153778076172, "x2": 161.6366729736328, "y2": 186.74505615234375, "classId": "car", "frame_number": 1520.0, "NN_threshold": 0.7, "Area_percentage": 0.5}, "1": {"x1": 146.30006408691406, "y1": 147.38702392578125, "x2": 173.55018615722656, "y2": 167.53262329101562, "classId": "car", "frame_number": 1520.0, "NN_threshold": 0.7, "Area_percentage": 0.5}, "2": {"x1": 355.24566650390625, "y1": 112.45272064208984, "x2": 368.218017578125, "y2": 123.1943588256836, "classId": "car", "frame_number": 1520.0, "NN_threshold": 0.7, "Area_percentage": 0.5}, "3": {"x1": 354.8809814453125, "y1": 97.78558349609375, "x2": 362.7099914550781, "y2": 104.54895782470703, "classId": "car", "frame_number": 1520.0, "NN_threshold": 0.7, "Area_percentage": 0.5}, "4": {"x1": 337.2989196777344, "y1": 89.42024993896484, "x2": 347.18463134765625, "y2": 96.18326568603516, "classId": "car", "frame_number": 1520.0, "NN_threshold": 0.7, "Area_percentage": 0.5}}