{"0": {"x1": 489.152099609375, "y1": 165.65635681152344, "x2": 542.0426025390625, "y2": 196.10777282714844, "classId": "car", "frame_number": 480.0, "NN_threshold": 0.7, "Area_percentage": 0.6}, "1": {"x1": 368.24176025390625, "y1": 112.06130981445312, "x2": 386.9757385253906, "y2": 125.69218444824219, "classId": "car", "frame_number": 480.0, "NN_threshold": 0.7, "Area_percentage": 0.6}, "2": {"x1": 279.2593078613281, "y1": 84.3793716430664, "x2": 286.15966796875, "y2": 91.38477325439453, "classId": "car", "frame_number": 480.0, "NN_threshold": 0.7, "Area_percentage": 0.6}, "3": {"x1": 362.05108642578125, "y1": 82.01038360595703, "x2": 379.8612060546875, "y2": 101.72193145751953, "classId": "truck", "frame_number": 480.0, "NN_threshold": 0.7, "Area_percentage": 0.6}}