{"0": {"x1": 425.92144775390625, "y1": 125.76687622070312, "x2": 455.6306457519531, "y2": 146.13604736328125, "classId": "car", "frame_number": 750.0, "NN_threshold": 0.5, "Area_percentage": 0.5}, "1": {"x1": 495.8249816894531, "y1": 230.73439025878906, "x2": 600.0, "y2": 312.2639465332031, "classId": "car", "frame_number": 750.0, "NN_threshold": 0.5, "Area_percentage": 0.5}, "2": {"x1": 357.8007507324219, "y1": 105.50355529785156, "x2": 371.1617431640625, "y2": 115.80349731445312, "classId": "car", "frame_number": 750.0, "NN_threshold": 0.5, "Area_percentage": 0.5}, "3": {"x1": 352.3016052246094, "y1": 89.22075653076172, "x2": 358.8618469238281, "y2": 94.4413833618164, "classId": "car", "frame_number": 750.0, "NN_threshold": 0.5, "Area_percentage": 0.5}, "4": {"x1": 265.4052734375, "y1": 81.28103637695312, "x2": 281.0874938964844, "y2": 99.44294738769531, "classId": "truck", "frame_number": 750.0, "NN_threshold": 0.5, "Area_percentage": 0.5}, "5": {"x1": 374.8241271972656, "y1": 92.31394958496094, "x2": 397.09405517578125, "y2": 113.24288940429688, "classId": "truck", "frame_number": 750.0, "NN_threshold": 0.5, "Area_percentage": 0.5}, "6": {"x1": 374.7627258300781, "y1": 92.42427825927734, "x2": 396.9774475097656, "y2": 113.30931091308594, "classId": "car", "frame_number": 750.0, "NN_threshold": 0.5, "Area_percentage": 0.5}, "7": {"x1": 340.0682373046875, "y1": 83.4046630859375, "x2": 344.87835693359375, "y2": 87.44446563720703, "classId": "car", "frame_number": 750.0, "NN_threshold": 0.5, "Area_percentage": 0.5}}