{"0": {"x1": 367.2919921875, "y1": 90.5701904296875, "x2": 378.9293518066406, "y2": 98.31620788574219, "classId": "car", "frame_number": 310.0, "NN_threshold": 0.5, "Area_percentage": 0.5}, "1": {"x1": 266.8898010253906, "y1": 86.85868072509766, "x2": 275.75799560546875, "y2": 94.0065689086914, "classId": "car", "frame_number": 310.0, "NN_threshold": 0.5, "Area_percentage": 0.5}, "2": {"x1": 342.9561767578125, "y1": 76.72579193115234, "x2": 348.6313781738281, "y2": 81.9842300415039, "classId": "car", "frame_number": 310.0, "NN_threshold": 0.5, "Area_percentage": 0.5}}