{"0": {"x1": 275.6424560546875, "y1": 83.41693878173828, "x2": 283.89178466796875, "y2": 89.35887908935547, "classId": "car", "frame_number": 280.0, "NN_threshold": 0.7, "Area_percentage": 0.5}, "1": {"x1": 380.3255615234375, "y1": 97.81940460205078, "x2": 393.92449951171875, "y2": 107.18133544921875, "classId": "car", "frame_number": 280.0, "NN_threshold": 0.7, "Area_percentage": 0.5}}