{"0": {"x1": 451.73956298828125, "y1": 142.2586669921875, "x2": 488.3855895996094, "y2": 166.76321411132812, "classId": "car", "frame_number": 490.0, "NN_threshold": 0.7, "Area_percentage": 0.7}, "1": {"x1": 363.78497314453125, "y1": 107.3643569946289, "x2": 379.4491882324219, "y2": 118.9088363647461, "classId": "car", "frame_number": 490.0, "NN_threshold": 0.7, "Area_percentage": 0.7}, "2": {"x1": 277.04180908203125, "y1": 84.59273529052734, "x2": 284.88494873046875, "y2": 91.67120361328125, "classId": "car", "frame_number": 490.0, "NN_threshold": 0.7, "Area_percentage": 0.7}, "3": {"x1": 361.6531982421875, "y1": 80.46208953857422, "x2": 376.4283752441406, "y2": 98.23541259765625, "classId": "truck", "frame_number": 490.0, "NN_threshold": 0.7, "Area_percentage": 0.7}}