{"0": {"x1": 537.68310546875, "y1": 179.97213745117188, "x2": 600.0, "y2": 225.8793182373047, "classId": "car", "frame_number": 70.0, "NN_threshold": 0.6, "Area_percentage": 0.8}, "1": {"x1": 217.9715576171875, "y1": 100.39241790771484, "x2": 235.1651611328125, "y2": 115.98002624511719, "classId": "car", "frame_number": 70.0, "NN_threshold": 0.6, "Area_percentage": 0.8}, "2": {"x1": 279.1297607421875, "y1": 80.1666259765625, "x2": 285.66143798828125, "y2": 86.49646759033203, "classId": "car", "frame_number": 70.0, "NN_threshold": 0.6, "Area_percentage": 0.8}, "3": {"x1": 293.54901123046875, "y1": 80.1458511352539, "x2": 299.4647216796875, "y2": 85.1272964477539, "classId": "car", "frame_number": 70.0, "NN_threshold": 0.6, "Area_percentage": 0.8}, "4": {"x1": 331.2912902832031, "y1": 68.2258071899414, "x2": 340.48260498046875, "y2": 77.49201965332031, "classId": "car", "frame_number": 70.0, "NN_threshold": 0.6, "Area_percentage": 0.8}}