{"0": {"x1": 420.4349670410156, "y1": 167.10768127441406, "x2": 469.11724853515625, "y2": 206.955078125, "classId": "car", "frame_number": 800.0, "NN_threshold": 0.5, "Area_percentage": 0.6}, "1": {"x1": 241.71380615234375, "y1": 83.62845611572266, "x2": 267.09039306640625, "y2": 111.44359588623047, "classId": "truck", "frame_number": 800.0, "NN_threshold": 0.5, "Area_percentage": 0.6}, "2": {"x1": 369.9288024902344, "y1": 116.54277038574219, "x2": 392.0450439453125, "y2": 132.6456298828125, "classId": "car", "frame_number": 800.0, "NN_threshold": 0.5, "Area_percentage": 0.6}, "3": {"x1": 378.9228210449219, "y1": 101.20501708984375, "x2": 392.34942626953125, "y2": 112.16438293457031, "classId": "car", "frame_number": 800.0, "NN_threshold": 0.5, "Area_percentage": 0.6}, "4": {"x1": 345.0118103027344, "y1": 93.05768585205078, "x2": 353.2198181152344, "y2": 101.16813659667969, "classId": "car", "frame_number": 800.0, "NN_threshold": 0.5, "Area_percentage": 0.6}, "5": {"x1": 359.03155517578125, "y1": 87.03195190429688, "x2": 371.44964599609375, "y2": 100.82684326171875, "classId": "car", "frame_number": 800.0, "NN_threshold": 0.5, "Area_percentage": 0.6}, "6": {"x1": 345.9480285644531, "y1": 85.85758972167969, "x2": 351.3923645019531, "y2": 90.78897857666016, "classId": "car", "frame_number": 800.0, "NN_threshold": 0.5, "Area_percentage": 0.6}, "7": {"x1": 358.93316650390625, "y1": 86.78372192382812, "x2": 371.6202697753906, "y2": 100.68972778320312, "classId": "truck", "frame_number": 800.0, "NN_threshold": 0.5, "Area_percentage": 0.6}}