{"0": {"x1": 414.6240234375, "y1": 127.79084777832031, "x2": 440.57379150390625, "y2": 147.34194946289062, "classId": "car", "frame_number": 1320.0, "NN_threshold": 0.8, "Area_percentage": 0.8}, "1": {"x1": 391.6651916503906, "y1": 114.4558334350586, "x2": 407.3320617675781, "y2": 127.2002944946289, "classId": "car", "frame_number": 1320.0, "NN_threshold": 0.8, "Area_percentage": 0.8}, "2": {"x1": 351.1880187988281, "y1": 94.5867691040039, "x2": 356.6757507324219, "y2": 99.56912994384766, "classId": "car", "frame_number": 1320.0, "NN_threshold": 0.8, "Area_percentage": 0.8}}