{"0": {"x1": 494.0254821777344, "y1": 171.60398864746094, "x2": 550.2963256835938, "y2": 210.65699768066406, "classId": "car", "frame_number": 1290.0, "NN_threshold": 0.5, "Area_percentage": 0.6}, "1": {"x1": 422.6159362792969, "y1": 131.2947998046875, "x2": 449.5144348144531, "y2": 150.77381896972656, "classId": "car", "frame_number": 1290.0, "NN_threshold": 0.5, "Area_percentage": 0.6}, "2": {"x1": 372.9696044921875, "y1": 106.5300521850586, "x2": 384.1004943847656, "y2": 113.95587921142578, "classId": "car", "frame_number": 1290.0, "NN_threshold": 0.5, "Area_percentage": 0.6}, "3": {"x1": 355.7572937011719, "y1": 96.0372085571289, "x2": 363.3646545410156, "y2": 102.40815734863281, "classId": "car", "frame_number": 1290.0, "NN_threshold": 0.5, "Area_percentage": 0.6}, "4": {"x1": 339.243408203125, "y1": 85.92548370361328, "x2": 348.4395751953125, "y2": 93.0788345336914, "classId": "car", "frame_number": 1290.0, "NN_threshold": 0.5, "Area_percentage": 0.6}, "5": {"x1": 342.3134765625, "y1": 95.72380828857422, "x2": 350.845458984375, "y2": 102.9242935180664, "classId": "car", "frame_number": 1290.0, "NN_threshold": 0.5, "Area_percentage": 0.6}, "6": {"x1": 342.5361633300781, "y1": 86.76004791259766, "x2": 348.2048645019531, "y2": 91.4929428100586, "classId": "car", "frame_number": 1290.0, "NN_threshold": 0.5, "Area_percentage": 0.6}, "7": {"x1": 338.0130310058594, "y1": 86.80612182617188, "x2": 343.03564453125, "y2": 91.4935302734375, "classId": "car", "frame_number": 1290.0, "NN_threshold": 0.5, "Area_percentage": 0.6}}