{"0": {"x1": 490.9443664550781, "y1": 159.4852752685547, "x2": 538.518798828125, "y2": 190.85098266601562, "classId": "car", "frame_number": 590.0, "NN_threshold": 0.8, "Area_percentage": 0.7}, "1": {"x1": 225.6506805419922, "y1": 103.87409973144531, "x2": 244.40650939941406, "y2": 118.0396499633789, "classId": "car", "frame_number": 590.0, "NN_threshold": 0.8, "Area_percentage": 0.7}, "2": {"x1": 362.5065002441406, "y1": 92.6949234008789, "x2": 372.725830078125, "y2": 99.43017578125, "classId": "car", "frame_number": 590.0, "NN_threshold": 0.8, "Area_percentage": 0.7}}