{"0": {"x1": 431.4877014160156, "y1": 137.93150329589844, "x2": 464.21612548828125, "y2": 161.02284240722656, "classId": "car", "frame_number": 1310.0, "NN_threshold": 0.5, "Area_percentage": 0.8}, "1": {"x1": 399.1044616699219, "y1": 118.82072448730469, "x2": 418.08245849609375, "y2": 133.0804901123047, "classId": "car", "frame_number": 1310.0, "NN_threshold": 0.5, "Area_percentage": 0.8}, "2": {"x1": 352.6201477050781, "y1": 94.86445617675781, "x2": 358.910400390625, "y2": 100.38397979736328, "classId": "car", "frame_number": 1310.0, "NN_threshold": 0.5, "Area_percentage": 0.8}, "3": {"x1": 365.30828857421875, "y1": 103.05810546875, "x2": 374.93731689453125, "y2": 109.15628814697266, "classId": "car", "frame_number": 1310.0, "NN_threshold": 0.5, "Area_percentage": 0.8}}