{"0": {"x1": 421.8775634765625, "y1": 129.15921020507812, "x2": 447.90277099609375, "y2": 147.3046875, "classId": "car", "frame_number": 960.0, "NN_threshold": 0.8, "Area_percentage": 0.8}, "1": {"x1": 342.257568359375, "y1": 92.7074966430664, "x2": 351.1634521484375, "y2": 98.6221923828125, "classId": "car", "frame_number": 960.0, "NN_threshold": 0.8, "Area_percentage": 0.8}}