{"0": {"x1": 416.5229187011719, "y1": 155.34231567382812, "x2": 469.4990234375, "y2": 197.80096435546875, "classId": "car", "frame_number": 1160.0, "NN_threshold": 0.6, "Area_percentage": 0.5}, "1": {"x1": 446.626953125, "y1": 143.47911071777344, "x2": 481.4750671386719, "y2": 166.38839721679688, "classId": "car", "frame_number": 1160.0, "NN_threshold": 0.6, "Area_percentage": 0.5}, "2": {"x1": 248.87112426757812, "y1": 94.23245239257812, "x2": 270.3959655761719, "y2": 112.28290557861328, "classId": "car", "frame_number": 1160.0, "NN_threshold": 0.6, "Area_percentage": 0.5}, "3": {"x1": 344.8912048339844, "y1": 89.73040008544922, "x2": 351.7549743652344, "y2": 97.70622253417969, "classId": "car", "frame_number": 1160.0, "NN_threshold": 0.6, "Area_percentage": 0.5}, "4": {"x1": 355.5848693847656, "y1": 89.18193054199219, "x2": 370.7398681640625, "y2": 102.92564392089844, "classId": "truck", "frame_number": 1160.0, "NN_threshold": 0.6, "Area_percentage": 0.5}}