{"0": {"x1": 525.2794189453125, "y1": 192.02569580078125, "x2": 594.5643920898438, "y2": 233.49903869628906, "classId": "car", "frame_number": 930.0, "NN_threshold": 0.6, "Area_percentage": 0.7}, "1": {"x1": 347.1575622558594, "y1": 96.024658203125, "x2": 355.86260986328125, "y2": 102.96589660644531, "classId": "car", "frame_number": 930.0, "NN_threshold": 0.6, "Area_percentage": 0.7}, "2": {"x1": 347.28912353515625, "y1": 86.23932647705078, "x2": 353.03997802734375, "y2": 91.75006103515625, "classId": "car", "frame_number": 930.0, "NN_threshold": 0.6, "Area_percentage": 0.7}, "3": {"x1": 339.8110656738281, "y1": 88.22608184814453, "x2": 347.7514953613281, "y2": 94.89500427246094, "classId": "car", "frame_number": 930.0, "NN_threshold": 0.6, "Area_percentage": 0.7}, "4": {"x1": 344.18194580078125, "y1": 86.91968536376953, "x2": 352.4128723144531, "y2": 93.16415405273438, "classId": "car", "frame_number": 930.0, "NN_threshold": 0.6, "Area_percentage": 0.7}}