{"0": {"x1": 464.0268249511719, "y1": 159.62156677246094, "x2": 506.8117980957031, "y2": 186.38140869140625, "classId": "car", "frame_number": 1540.0, "NN_threshold": 0.7, "Area_percentage": 0.6}, "1": {"x1": 0.9211111664772034, "y1": 196.594970703125, "x2": 69.98591613769531, "y2": 238.71615600585938, "classId": "car", "frame_number": 1540.0, "NN_threshold": 0.7, "Area_percentage": 0.6}, "2": {"x1": 0.34470412135124207, "y1": 219.9407958984375, "x2": 19.071937561035156, "y2": 264.571533203125, "classId": "car", "frame_number": 1540.0, "NN_threshold": 0.7, "Area_percentage": 0.6}, "3": {"x1": 350.9502258300781, "y1": 107.95410919189453, "x2": 360.8968811035156, "y2": 115.90780639648438, "classId": "car", "frame_number": 1540.0, "NN_threshold": 0.7, "Area_percentage": 0.6}, "4": {"x1": 351.1939697265625, "y1": 95.59149169921875, "x2": 358.410888671875, "y2": 102.03028869628906, "classId": "car", "frame_number": 1540.0, "NN_threshold": 0.7, "Area_percentage": 0.6}, "5": {"x1": 340.6395263671875, "y1": 89.94469451904297, "x2": 346.1668701171875, "y2": 94.98818969726562, "classId": "car", "frame_number": 1540.0, "NN_threshold": 0.7, "Area_percentage": 0.6}}