{"0": {"x1": 70.48042297363281, "y1": 151.1416015625, "x2": 133.639404296875, "y2": 193.21710205078125, "classId": "car", "frame_number": 640.0, "NN_threshold": 0.6, "Area_percentage": 0.6}, "1": {"x1": 351.73736572265625, "y1": 86.85256958007812, "x2": 358.9284362792969, "y2": 92.1443099975586, "classId": "car", "frame_number": 640.0, "NN_threshold": 0.6, "Area_percentage": 0.6}, "2": {"x1": 390.9913330078125, "y1": 106.51932525634766, "x2": 406.7402648925781, "y2": 118.56869506835938, "classId": "car", "frame_number": 640.0, "NN_threshold": 0.6, "Area_percentage": 0.6}, "3": {"x1": 288.5755920410156, "y1": 80.21162414550781, "x2": 296.5929870605469, "y2": 86.59854888916016, "classId": "car", "frame_number": 640.0, "NN_threshold": 0.6, "Area_percentage": 0.6}, "4": {"x1": 288.4232177734375, "y1": 76.19827270507812, "x2": 296.78778076171875, "y2": 85.18950653076172, "classId": "car", "frame_number": 640.0, "NN_threshold": 0.6, "Area_percentage": 0.6}, "5": {"x1": 341.4239807128906, "y1": 79.37129211425781, "x2": 347.795166015625, "y2": 85.51693725585938, "classId": "car", "frame_number": 640.0, "NN_threshold": 0.6, "Area_percentage": 0.6}}