{"0": {"x1": 499.4312744140625, "y1": 147.89077758789062, "x2": 599.974853515625, "y2": 264.4003601074219, "classId": "truck", "frame_number": 1010.0, "NN_threshold": 0.5, "Area_percentage": 0.8}, "1": {"x1": 375.1878356933594, "y1": 102.80046844482422, "x2": 387.1311950683594, "y2": 111.46597290039062, "classId": "car", "frame_number": 1010.0, "NN_threshold": 0.5, "Area_percentage": 0.8}, "2": {"x1": 388.2948303222656, "y1": 134.1260223388672, "x2": 415.01812744140625, "y2": 154.49940490722656, "classId": "car", "frame_number": 1010.0, "NN_threshold": 0.5, "Area_percentage": 0.8}, "3": {"x1": 285.69696044921875, "y1": 83.09430694580078, "x2": 294.0121765136719, "y2": 91.09859466552734, "classId": "car", "frame_number": 1010.0, "NN_threshold": 0.5, "Area_percentage": 0.8}, "4": {"x1": 336.3877258300781, "y1": 84.60383605957031, "x2": 344.4808654785156, "y2": 91.14217376708984, "classId": "car", "frame_number": 1010.0, "NN_threshold": 0.5, "Area_percentage": 0.8}}