{"0": {"x1": 232.72042846679688, "y1": 98.84154510498047, "x2": 246.4459991455078, "y2": 110.01827239990234, "classId": "car", "frame_number": 170.0, "NN_threshold": 0.7, "Area_percentage": 0.5}, "1": {"x1": 367.9166259765625, "y1": 88.35721588134766, "x2": 379.546630859375, "y2": 97.97561645507812, "classId": "car", "frame_number": 170.0, "NN_threshold": 0.7, "Area_percentage": 0.5}}