{"0": {"x1": 523.5008544921875, "y1": 181.5583953857422, "x2": 599.3642578125, "y2": 227.37847900390625, "classId": "car", "frame_number": 720.0, "NN_threshold": 0.7, "Area_percentage": 0.8}, "1": {"x1": 375.2810974121094, "y1": 123.05083465576172, "x2": 398.6167297363281, "y2": 139.01626586914062, "classId": "car", "frame_number": 720.0, "NN_threshold": 0.7, "Area_percentage": 0.8}, "2": {"x1": 394.8373107910156, "y1": 97.3881607055664, "x2": 429.1153564453125, "y2": 128.3795166015625, "classId": "truck", "frame_number": 720.0, "NN_threshold": 0.7, "Area_percentage": 0.8}, "3": {"x1": 275.2723388671875, "y1": 77.60617065429688, "x2": 286.86749267578125, "y2": 94.21954345703125, "classId": "truck", "frame_number": 720.0, "NN_threshold": 0.7, "Area_percentage": 0.8}, "4": {"x1": 357.7734069824219, "y1": 91.27597045898438, "x2": 366.0300598144531, "y2": 97.85774230957031, "classId": "car", "frame_number": 720.0, "NN_threshold": 0.7, "Area_percentage": 0.8}, "5": {"x1": 342.4591979980469, "y1": 83.38909912109375, "x2": 347.453125, "y2": 88.0596923828125, "classId": "car", "frame_number": 720.0, "NN_threshold": 0.7, "Area_percentage": 0.8}}