{"0": {"x1": 454.92822265625, "y1": 139.85498046875, "x2": 489.31451416015625, "y2": 163.47898864746094, "classId": "car", "frame_number": 600.0, "NN_threshold": 0.5, "Area_percentage": 0.8}, "1": {"x1": 211.94593811035156, "y1": 107.21873474121094, "x2": 234.174560546875, "y2": 124.18729400634766, "classId": "car", "frame_number": 600.0, "NN_threshold": 0.5, "Area_percentage": 0.8}, "2": {"x1": 359.7410888671875, "y1": 90.30408477783203, "x2": 368.9881591796875, "y2": 97.0789794921875, "classId": "car", "frame_number": 600.0, "NN_threshold": 0.5, "Area_percentage": 0.8}, "3": {"x1": 292.7612609863281, "y1": 75.13907623291016, "x2": 299.8906555175781, "y2": 83.44002532958984, "classId": "car", "frame_number": 600.0, "NN_threshold": 0.5, "Area_percentage": 0.8}, "4": {"x1": 340.2640686035156, "y1": 86.0382308959961, "x2": 346.8977355957031, "y2": 90.90553283691406, "classId": "car", "frame_number": 600.0, "NN_threshold": 0.5, "Area_percentage": 0.8}, "5": {"x1": 343.95452880859375, "y1": 76.54185485839844, "x2": 352.6890869140625, "y2": 85.86199951171875, "classId": "car", "frame_number": 600.0, "NN_threshold": 0.5, "Area_percentage": 0.8}, "6": {"x1": 342.94091796875, "y1": 76.46642303466797, "x2": 352.5942687988281, "y2": 86.48348999023438, "classId": "truck", "frame_number": 600.0, "NN_threshold": 0.5, "Area_percentage": 0.8}, "7": {"x1": 293.1869812011719, "y1": 79.49627685546875, "x2": 299.1902160644531, "y2": 83.52094268798828, "classId": "car", "frame_number": 600.0, "NN_threshold": 0.5, "Area_percentage": 0.8}}