{"0": {"x1": 426.4613037109375, "y1": 169.44778442382812, "x2": 474.6549072265625, "y2": 204.7654266357422, "classId": "car", "frame_number": 990.0, "NN_threshold": 0.7, "Area_percentage": 0.7}, "1": {"x1": 387.4179992675781, "y1": 110.1659164428711, "x2": 401.4556579589844, "y2": 119.80294799804688, "classId": "car", "frame_number": 990.0, "NN_threshold": 0.7, "Area_percentage": 0.7}, "2": {"x1": 338.9749755859375, "y1": 88.11981964111328, "x2": 346.6820983886719, "y2": 93.7248764038086, "classId": "car", "frame_number": 990.0, "NN_threshold": 0.7, "Area_percentage": 0.7}}