{"0": {"x1": 401.8289794921875, "y1": 111.1354751586914, "x2": 422.8666076660156, "y2": 124.70303344726562, "classId": "car", "frame_number": 250.0, "NN_threshold": 0.7, "Area_percentage": 0.5}, "1": {"x1": 281.404296875, "y1": 82.57589721679688, "x2": 288.95965576171875, "y2": 87.64993286132812, "classId": "car", "frame_number": 250.0, "NN_threshold": 0.7, "Area_percentage": 0.5}}