{"0": {"x1": 248.69752502441406, "y1": 91.15361785888672, "x2": 260.3748474121094, "y2": 101.05418395996094, "classId": "car", "frame_number": 150.0, "NN_threshold": 0.6, "Area_percentage": 0.7}, "1": {"x1": 272.47406005859375, "y1": 90.60919189453125, "x2": 283.2103271484375, "y2": 99.88456726074219, "classId": "car", "frame_number": 150.0, "NN_threshold": 0.6, "Area_percentage": 0.7}, "2": {"x1": 378.4112854003906, "y1": 91.8808364868164, "x2": 391.2349853515625, "y2": 102.47189331054688, "classId": "car", "frame_number": 150.0, "NN_threshold": 0.6, "Area_percentage": 0.7}}