{"0": {"x1": 295.9202880859375, "y1": 79.04997253417969, "x2": 301.5239562988281, "y2": 83.86846923828125, "classId": "car", "frame_number": 50.0, "NN_threshold": 0.8, "Area_percentage": 0.5}, "1": {"x1": 283.04925537109375, "y1": 79.81336975097656, "x2": 288.7521057128906, "y2": 85.4570541381836, "classId": "car", "frame_number": 50.0, "NN_threshold": 0.8, "Area_percentage": 0.5}, "2": {"x1": 237.87803649902344, "y1": 95.2087173461914, "x2": 252.24708557128906, "y2": 107.30961608886719, "classId": "car", "frame_number": 50.0, "NN_threshold": 0.8, "Area_percentage": 0.5}}