{"0": {"x1": 399.85089111328125, "y1": 112.47686767578125, "x2": 421.0740966796875, "y2": 127.76502227783203, "classId": "car", "frame_number": 770.0, "NN_threshold": 0.5, "Area_percentage": 0.5}, "1": {"x1": 407.365966796875, "y1": 148.24546813964844, "x2": 450.62774658203125, "y2": 182.5086669921875, "classId": "car", "frame_number": 770.0, "NN_threshold": 0.5, "Area_percentage": 0.5}, "2": {"x1": 258.72027587890625, "y1": 81.23263549804688, "x2": 273.1381530761719, "y2": 102.53022766113281, "classId": "truck", "frame_number": 770.0, "NN_threshold": 0.5, "Area_percentage": 0.5}, "3": {"x1": 367.0242919921875, "y1": 89.89797973632812, "x2": 384.6357727050781, "y2": 107.28887176513672, "classId": "truck", "frame_number": 770.0, "NN_threshold": 0.5, "Area_percentage": 0.5}, "4": {"x1": 351.87603759765625, "y1": 100.20350646972656, "x2": 361.6632995605469, "y2": 108.99253845214844, "classId": "car", "frame_number": 770.0, "NN_threshold": 0.5, "Area_percentage": 0.5}, "5": {"x1": 349.7373962402344, "y1": 87.98714447021484, "x2": 355.0445861816406, "y2": 92.9661636352539, "classId": "car", "frame_number": 770.0, "NN_threshold": 0.5, "Area_percentage": 0.5}}