{"0": {"x1": 380.0686950683594, "y1": 136.0208282470703, "x2": 403.4842224121094, "y2": 153.8671112060547, "classId": "car", "frame_number": 1480.0, "NN_threshold": 0.7, "Area_percentage": 0.7}, "1": {"x1": 218.5775146484375, "y1": 115.81230926513672, "x2": 240.93124389648438, "y2": 131.33001708984375, "classId": "car", "frame_number": 1480.0, "NN_threshold": 0.7, "Area_percentage": 0.7}, "2": {"x1": 364.5929870605469, "y1": 102.0271987915039, "x2": 374.85772705078125, "y2": 110.48111724853516, "classId": "car", "frame_number": 1480.0, "NN_threshold": 0.7, "Area_percentage": 0.7}}