{"0": {"x1": 442.0860290527344, "y1": 140.85548400878906, "x2": 474.819091796875, "y2": 163.71942138671875, "classId": "car", "frame_number": 950.0, "NN_threshold": 0.8, "Area_percentage": 0.8}, "1": {"x1": 343.7671813964844, "y1": 93.14349365234375, "x2": 352.5224914550781, "y2": 99.59149169921875, "classId": "car", "frame_number": 950.0, "NN_threshold": 0.8, "Area_percentage": 0.8}}