{"0": {"x1": 454.92822265625, "y1": 139.85498046875, "x2": 489.31451416015625, "y2": 163.47898864746094, "classId": "car", "frame_number": 600.0, "NN_threshold": 0.7, "Area_percentage": 0.8}, "1": {"x1": 211.94593811035156, "y1": 107.21873474121094, "x2": 234.174560546875, "y2": 124.18729400634766, "classId": "car", "frame_number": 600.0, "NN_threshold": 0.7, "Area_percentage": 0.8}, "2": {"x1": 359.7410888671875, "y1": 90.30408477783203, "x2": 368.9881591796875, "y2": 97.0789794921875, "classId": "car", "frame_number": 600.0, "NN_threshold": 0.7, "Area_percentage": 0.8}, "3": {"x1": 292.7612609863281, "y1": 75.13907623291016, "x2": 299.8906555175781, "y2": 83.44002532958984, "classId": "car", "frame_number": 600.0, "NN_threshold": 0.7, "Area_percentage": 0.8}, "4": {"x1": 340.2640686035156, "y1": 86.0382308959961, "x2": 346.8977355957031, "y2": 90.90553283691406, "classId": "car", "frame_number": 600.0, "NN_threshold": 0.7, "Area_percentage": 0.8}}