{"0": {"x1": 388.50994873046875, "y1": 89.50536346435547, "x2": 426.906005859375, "y2": 123.89315032958984, "classId": "truck", "frame_number": 420.0, "NN_threshold": 0.5, "Area_percentage": 0.7}, "1": {"x1": 564.275146484375, "y1": 298.8656921386719, "x2": 599.9337158203125, "y2": 356.72900390625, "classId": "car", "frame_number": 420.0, "NN_threshold": 0.5, "Area_percentage": 0.7}, "2": {"x1": 111.4610595703125, "y1": 139.17640686035156, "x2": 158.16297912597656, "y2": 174.1365509033203, "classId": "car", "frame_number": 420.0, "NN_threshold": 0.5, "Area_percentage": 0.7}, "3": {"x1": 288.3597106933594, "y1": 79.31275177001953, "x2": 293.88739013671875, "y2": 84.3757095336914, "classId": "car", "frame_number": 420.0, "NN_threshold": 0.5, "Area_percentage": 0.7}}