{"0": {"x1": 427.40155029296875, "y1": 137.1838836669922, "x2": 453.53680419921875, "y2": 152.3622283935547, "classId": "car", "frame_number": 1230.0, "NN_threshold": 0.6, "Area_percentage": 0.6}, "1": {"x1": 373.66571044921875, "y1": 104.67781066894531, "x2": 385.03619384765625, "y2": 112.52085876464844, "classId": "car", "frame_number": 1230.0, "NN_threshold": 0.6, "Area_percentage": 0.6}, "2": {"x1": 172.6372528076172, "y1": 110.9881362915039, "x2": 227.4683837890625, "y2": 150.21144104003906, "classId": "truck", "frame_number": 1230.0, "NN_threshold": 0.6, "Area_percentage": 0.6}, "3": {"x1": 353.96417236328125, "y1": 104.17617797851562, "x2": 367.35894775390625, "y2": 116.25975799560547, "classId": "car", "frame_number": 1230.0, "NN_threshold": 0.6, "Area_percentage": 0.6}}