{"0": {"x1": 207.07736206054688, "y1": 106.6495132446289, "x2": 227.35960388183594, "y2": 121.38446807861328, "classId": "car", "frame_number": 190.0, "NN_threshold": 0.6, "Area_percentage": 0.7}, "1": {"x1": 245.6058349609375, "y1": 106.25052642822266, "x2": 263.0620422363281, "y2": 120.50296783447266, "classId": "car", "frame_number": 190.0, "NN_threshold": 0.6, "Area_percentage": 0.7}, "2": {"x1": 289.84173583984375, "y1": 75.32977294921875, "x2": 296.47113037109375, "y2": 79.36238861083984, "classId": "car", "frame_number": 190.0, "NN_threshold": 0.6, "Area_percentage": 0.7}, "3": {"x1": 290.94354248046875, "y1": 76.79862213134766, "x2": 296.2546691894531, "y2": 79.30459594726562, "classId": "car", "frame_number": 190.0, "NN_threshold": 0.6, "Area_percentage": 0.7}}