{"0": {"x1": 528.0997314453125, "y1": 191.22256469726562, "x2": 598.70751953125, "y2": 229.89559936523438, "classId": "car", "frame_number": 1140.0, "NN_threshold": 0.8, "Area_percentage": 0.6}, "1": {"x1": 525.216552734375, "y1": 254.80250549316406, "x2": 599.8128051757812, "y2": 352.77667236328125, "classId": "car", "frame_number": 1140.0, "NN_threshold": 0.8, "Area_percentage": 0.6}, "2": {"x1": 257.7344055175781, "y1": 91.5747299194336, "x2": 275.7781982421875, "y2": 107.99018859863281, "classId": "car", "frame_number": 1140.0, "NN_threshold": 0.8, "Area_percentage": 0.6}}