{"0": {"x1": 230.06553649902344, "y1": 111.58687591552734, "x2": 249.24964904785156, "y2": 125.84170532226562, "classId": "car", "frame_number": 1470.0, "NN_threshold": 0.7, "Area_percentage": 0.5}, "1": {"x1": 393.1732482910156, "y1": 148.75885009765625, "x2": 422.61163330078125, "y2": 170.64967346191406, "classId": "car", "frame_number": 1470.0, "NN_threshold": 0.7, "Area_percentage": 0.5}, "2": {"x1": 367.9783630371094, "y1": 103.6649398803711, "x2": 378.74810791015625, "y2": 112.63084411621094, "classId": "car", "frame_number": 1470.0, "NN_threshold": 0.7, "Area_percentage": 0.5}, "3": {"x1": 345.17633056640625, "y1": 92.76480102539062, "x2": 353.8666687011719, "y2": 99.15164947509766, "classId": "car", "frame_number": 1470.0, "NN_threshold": 0.7, "Area_percentage": 0.5}, "4": {"x1": 342.1809997558594, "y1": 89.59166717529297, "x2": 354.06988525390625, "y2": 99.087158203125, "classId": "car", "frame_number": 1470.0, "NN_threshold": 0.7, "Area_percentage": 0.5}}