{"0": {"x1": 244.99896240234375, "y1": 96.45712280273438, "x2": 259.0429382324219, "y2": 109.0801010131836, "classId": "car", "frame_number": 570.0, "NN_threshold": 0.5, "Area_percentage": 0.6}, "1": {"x1": 344.07672119140625, "y1": 89.64661407470703, "x2": 352.1432800292969, "y2": 95.4847412109375, "classId": "car", "frame_number": 570.0, "NN_threshold": 0.5, "Area_percentage": 0.6}, "2": {"x1": 368.81292724609375, "y1": 96.66329956054688, "x2": 379.74420166015625, "y2": 103.85765838623047, "classId": "car", "frame_number": 570.0, "NN_threshold": 0.5, "Area_percentage": 0.6}, "3": {"x1": 347.2737731933594, "y1": 78.30176544189453, "x2": 357.111572265625, "y2": 89.02616882324219, "classId": "car", "frame_number": 570.0, "NN_threshold": 0.5, "Area_percentage": 0.6}, "4": {"x1": 295.574462890625, "y1": 74.95183563232422, "x2": 302.2831726074219, "y2": 82.46074676513672, "classId": "car", "frame_number": 570.0, "NN_threshold": 0.5, "Area_percentage": 0.6}}