{"0": {"x1": 70.48042297363281, "y1": 151.1416015625, "x2": 133.639404296875, "y2": 193.21710205078125, "classId": "car", "frame_number": 640.0, "NN_threshold": 0.8, "Area_percentage": 0.6}, "1": {"x1": 351.73736572265625, "y1": 86.85256958007812, "x2": 358.9284362792969, "y2": 92.1443099975586, "classId": "car", "frame_number": 640.0, "NN_threshold": 0.8, "Area_percentage": 0.6}, "2": {"x1": 390.9913330078125, "y1": 106.51932525634766, "x2": 406.7402648925781, "y2": 118.56869506835938, "classId": "car", "frame_number": 640.0, "NN_threshold": 0.8, "Area_percentage": 0.6}}