{"0": {"x1": 408.2253723144531, "y1": 125.26813507080078, "x2": 430.2880859375, "y2": 141.58201599121094, "classId": "car", "frame_number": 1410.0, "NN_threshold": 0.6, "Area_percentage": 0.6}, "1": {"x1": 266.1907043457031, "y1": 99.21651458740234, "x2": 276.0359191894531, "y2": 107.90296173095703, "classId": "car", "frame_number": 1410.0, "NN_threshold": 0.6, "Area_percentage": 0.6}, "2": {"x1": 357.2493591308594, "y1": 97.72085571289062, "x2": 368.7832946777344, "y2": 107.73898315429688, "classId": "car", "frame_number": 1410.0, "NN_threshold": 0.6, "Area_percentage": 0.6}, "3": {"x1": 346.1283264160156, "y1": 92.5639877319336, "x2": 351.4703674316406, "y2": 97.64116668701172, "classId": "car", "frame_number": 1410.0, "NN_threshold": 0.6, "Area_percentage": 0.6}, "4": {"x1": 342.4566955566406, "y1": 89.4002456665039, "x2": 351.7534484863281, "y2": 97.98898315429688, "classId": "car", "frame_number": 1410.0, "NN_threshold": 0.6, "Area_percentage": 0.6}}