{"0": {"x1": 202.17251586914062, "y1": 89.4766616821289, "x2": 244.9178924560547, "y2": 130.88046264648438, "classId": "truck", "frame_number": 840.0, "NN_threshold": 0.8, "Area_percentage": 0.7}, "1": {"x1": 394.95648193359375, "y1": 142.70201110839844, "x2": 425.6021728515625, "y2": 165.87979125976562, "classId": "car", "frame_number": 840.0, "NN_threshold": 0.8, "Area_percentage": 0.7}, "2": {"x1": 365.7781677246094, "y1": 112.01598358154297, "x2": 384.6142272949219, "y2": 128.625244140625, "classId": "car", "frame_number": 840.0, "NN_threshold": 0.8, "Area_percentage": 0.7}, "3": {"x1": 353.24163818359375, "y1": 101.33182525634766, "x2": 366.41082763671875, "y2": 111.2192153930664, "classId": "car", "frame_number": 840.0, "NN_threshold": 0.8, "Area_percentage": 0.7}}