{"0": {"x1": 168.3997039794922, "y1": 120.87842559814453, "x2": 201.68673706054688, "y2": 145.91262817382812, "classId": "car", "frame_number": 620.0, "NN_threshold": 0.7, "Area_percentage": 0.7}, "1": {"x1": 412.786865234375, "y1": 119.3232650756836, "x2": 434.97540283203125, "y2": 134.2738037109375, "classId": "car", "frame_number": 620.0, "NN_threshold": 0.7, "Area_percentage": 0.7}, "2": {"x1": 355.4618225097656, "y1": 89.09544372558594, "x2": 363.4520568847656, "y2": 94.82996368408203, "classId": "car", "frame_number": 620.0, "NN_threshold": 0.7, "Area_percentage": 0.7}, "3": {"x1": 291.1896057128906, "y1": 79.45104217529297, "x2": 298.47332763671875, "y2": 86.14860534667969, "classId": "car", "frame_number": 620.0, "NN_threshold": 0.7, "Area_percentage": 0.7}}