{"0": {"x1": 216.05477905273438, "y1": 87.1624526977539, "x2": 251.6222381591797, "y2": 124.66879272460938, "classId": "truck", "frame_number": 830.0, "NN_threshold": 0.5, "Area_percentage": 0.6}, "1": {"x1": 373.0195007324219, "y1": 120.17351531982422, "x2": 395.3997497558594, "y2": 138.56512451171875, "classId": "car", "frame_number": 830.0, "NN_threshold": 0.5, "Area_percentage": 0.6}, "2": {"x1": 417.4155578613281, "y1": 163.21823120117188, "x2": 460.523681640625, "y2": 195.19647216796875, "classId": "car", "frame_number": 830.0, "NN_threshold": 0.5, "Area_percentage": 0.6}, "3": {"x1": 352.68377685546875, "y1": 85.35823059082031, "x2": 363.9078369140625, "y2": 96.76094055175781, "classId": "truck", "frame_number": 830.0, "NN_threshold": 0.5, "Area_percentage": 0.6}, "4": {"x1": 367.9245300292969, "y1": 96.10321044921875, "x2": 376.6529541015625, "y2": 104.3459243774414, "classId": "car", "frame_number": 830.0, "NN_threshold": 0.5, "Area_percentage": 0.6}, "5": {"x1": 356.5849914550781, "y1": 103.74837493896484, "x2": 370.2933654785156, "y2": 114.64353942871094, "classId": "car", "frame_number": 830.0, "NN_threshold": 0.5, "Area_percentage": 0.6}, "6": {"x1": 340.3683166503906, "y1": 89.94082641601562, "x2": 347.0882263183594, "y2": 96.54279327392578, "classId": "car", "frame_number": 830.0, "NN_threshold": 0.5, "Area_percentage": 0.6}, "7": {"x1": 340.2682189941406, "y1": 84.77327728271484, "x2": 350.15411376953125, "y2": 96.30537414550781, "classId": "truck", "frame_number": 830.0, "NN_threshold": 0.5, "Area_percentage": 0.6}, "8": {"x1": 353.1510925292969, "y1": 88.66355895996094, "x2": 363.2085266113281, "y2": 97.29714965820312, "classId": "car", "frame_number": 830.0, "NN_threshold": 0.5, "Area_percentage": 0.6}}