{"0": {"x1": 158.1073760986328, "y1": 96.8876953125, "x2": 225.11065673828125, "y2": 153.95469665527344, "classId": "truck", "frame_number": 860.0, "NN_threshold": 0.6, "Area_percentage": 0.8}, "1": {"x1": 371.4517517089844, "y1": 120.1353988647461, "x2": 391.5846252441406, "y2": 135.74960327148438, "classId": "car", "frame_number": 860.0, "NN_threshold": 0.6, "Area_percentage": 0.8}, "2": {"x1": 357.5150146484375, "y1": 104.78912353515625, "x2": 371.19403076171875, "y2": 116.55010223388672, "classId": "car", "frame_number": 860.0, "NN_threshold": 0.6, "Area_percentage": 0.8}, "3": {"x1": 358.4025573730469, "y1": 92.2132797241211, "x2": 366.3623962402344, "y2": 99.24893188476562, "classId": "car", "frame_number": 860.0, "NN_threshold": 0.6, "Area_percentage": 0.8}, "4": {"x1": 349.35736083984375, "y1": 97.14656829833984, "x2": 358.7993469238281, "y2": 105.48926544189453, "classId": "car", "frame_number": 860.0, "NN_threshold": 0.6, "Area_percentage": 0.8}, "5": {"x1": 349.1351318359375, "y1": 88.53855895996094, "x2": 356.8899841308594, "y2": 94.05480194091797, "classId": "car", "frame_number": 860.0, "NN_threshold": 0.6, "Area_percentage": 0.8}, "6": {"x1": 349.5968933105469, "y1": 84.54950714111328, "x2": 357.70343017578125, "y2": 93.33137512207031, "classId": "car", "frame_number": 860.0, "NN_threshold": 0.6, "Area_percentage": 0.8}}