{"0": {"x1": 245.7288055419922, "y1": 91.89820861816406, "x2": 258.6369934082031, "y2": 102.76121520996094, "classId": "car", "frame_number": 40.0, "NN_threshold": 0.5, "Area_percentage": 0.6}, "1": {"x1": 284.30609130859375, "y1": 78.47045135498047, "x2": 290.30047607421875, "y2": 84.64144134521484, "classId": "car", "frame_number": 40.0, "NN_threshold": 0.5, "Area_percentage": 0.6}, "2": {"x1": 296.97735595703125, "y1": 77.89891052246094, "x2": 302.50628662109375, "y2": 83.1012191772461, "classId": "car", "frame_number": 40.0, "NN_threshold": 0.5, "Area_percentage": 0.6}, "3": {"x1": 283.9154357910156, "y1": 75.49885559082031, "x2": 291.697998046875, "y2": 85.3480224609375, "classId": "car", "frame_number": 40.0, "NN_threshold": 0.5, "Area_percentage": 0.6}}