{"0": {"x1": 542.0364990234375, "y1": 201.78936767578125, "x2": 600.0, "y2": 248.35379028320312, "classId": "car", "frame_number": 1610.0, "NN_threshold": 0.8, "Area_percentage": 0.7}, "1": {"x1": 340.5566101074219, "y1": 99.89038848876953, "x2": 347.7518005371094, "y2": 104.55281066894531, "classId": "car", "frame_number": 1610.0, "NN_threshold": 0.8, "Area_percentage": 0.7}}