{"0": {"x1": 425.5346984863281, "y1": 135.80343627929688, "x2": 455.3690490722656, "y2": 157.118896484375, "classId": "car", "frame_number": 1640.0, "NN_threshold": 0.7, "Area_percentage": 0.5}, "1": {"x1": 403.4468688964844, "y1": 159.09657287597656, "x2": 437.7319641113281, "y2": 181.47991943359375, "classId": "car", "frame_number": 1640.0, "NN_threshold": 0.7, "Area_percentage": 0.5}, "2": {"x1": 361.8114318847656, "y1": 104.05682373046875, "x2": 371.7421875, "y2": 110.61812591552734, "classId": "car", "frame_number": 1640.0, "NN_threshold": 0.7, "Area_percentage": 0.5}, "3": {"x1": 340.2758483886719, "y1": 90.54843139648438, "x2": 345.2774658203125, "y2": 95.78508758544922, "classId": "car", "frame_number": 1640.0, "NN_threshold": 0.7, "Area_percentage": 0.5}}