{"0": {"x1": 428.5858459472656, "y1": 137.7333984375, "x2": 466.5568542480469, "y2": 161.96942138671875, "classId": "car", "frame_number": 1710.0, "NN_threshold": 0.7, "Area_percentage": 0.6}, "1": {"x1": 355.1368713378906, "y1": 112.35684204101562, "x2": 366.4538879394531, "y2": 120.74905395507812, "classId": "car", "frame_number": 1710.0, "NN_threshold": 0.7, "Area_percentage": 0.6}, "2": {"x1": 348.56402587890625, "y1": 97.67227935791016, "x2": 354.3733215332031, "y2": 102.19112396240234, "classId": "car", "frame_number": 1710.0, "NN_threshold": 0.7, "Area_percentage": 0.6}, "3": {"x1": 368.9271545410156, "y1": 106.81798553466797, "x2": 378.4651184082031, "y2": 115.29071044921875, "classId": "car", "frame_number": 1710.0, "NN_threshold": 0.7, "Area_percentage": 0.6}}