{"0": {"x1": 518.864990234375, "y1": 280.8702087402344, "x2": 600.0, "y2": 353.1002502441406, "classId": "car", "frame_number": 1440.0, "NN_threshold": 0.8, "Area_percentage": 0.6}, "1": {"x1": 252.9603271484375, "y1": 103.59089660644531, "x2": 266.22662353515625, "y2": 114.05445861816406, "classId": "car", "frame_number": 1440.0, "NN_threshold": 0.8, "Area_percentage": 0.6}, "2": {"x1": 382.97021484375, "y1": 111.23625183105469, "x2": 396.2167663574219, "y2": 122.70155334472656, "classId": "car", "frame_number": 1440.0, "NN_threshold": 0.8, "Area_percentage": 0.6}, "3": {"x1": 351.645263671875, "y1": 95.4247817993164, "x2": 359.55560302734375, "y2": 102.89752197265625, "classId": "car", "frame_number": 1440.0, "NN_threshold": 0.8, "Area_percentage": 0.6}}