{"0": {"x1": 350.5906982421875, "y1": 86.62548065185547, "x2": 356.5860595703125, "y2": 91.67615509033203, "classId": "car", "frame_number": 650.0, "NN_threshold": 0.8, "Area_percentage": 0.7}, "1": {"x1": 287.62310791015625, "y1": 76.43718719482422, "x2": 296.00518798828125, "y2": 86.82450866699219, "classId": "truck", "frame_number": 650.0, "NN_threshold": 0.8, "Area_percentage": 0.7}, "2": {"x1": 384.1056823730469, "y1": 104.41033172607422, "x2": 397.85284423828125, "y2": 114.24881744384766, "classId": "car", "frame_number": 650.0, "NN_threshold": 0.8, "Area_percentage": 0.7}}