{"0": {"x1": 122.10990142822266, "y1": 96.68936157226562, "x2": 210.31932067871094, "y2": 172.7610321044922, "classId": "truck", "frame_number": 870.0, "NN_threshold": 0.5, "Area_percentage": 0.7}, "1": {"x1": 365.2041320800781, "y1": 113.83993530273438, "x2": 382.28265380859375, "y2": 126.10395812988281, "classId": "car", "frame_number": 870.0, "NN_threshold": 0.5, "Area_percentage": 0.7}, "2": {"x1": 354.59619140625, "y1": 101.3199691772461, "x2": 366.5337829589844, "y2": 111.93214416503906, "classId": "car", "frame_number": 870.0, "NN_threshold": 0.5, "Area_percentage": 0.7}, "3": {"x1": 355.6708984375, "y1": 90.52474975585938, "x2": 363.61395263671875, "y2": 97.55260467529297, "classId": "car", "frame_number": 870.0, "NN_threshold": 0.5, "Area_percentage": 0.7}, "4": {"x1": 347.2725830078125, "y1": 93.9230728149414, "x2": 356.3218078613281, "y2": 102.69087982177734, "classId": "car", "frame_number": 870.0, "NN_threshold": 0.5, "Area_percentage": 0.7}, "5": {"x1": 347.5206298828125, "y1": 82.60750579833984, "x2": 356.02001953125, "y2": 92.3681869506836, "classId": "truck", "frame_number": 870.0, "NN_threshold": 0.5, "Area_percentage": 0.7}, "6": {"x1": 347.5304870605469, "y1": 85.07987213134766, "x2": 355.4859313964844, "y2": 92.26813507080078, "classId": "car", "frame_number": 870.0, "NN_threshold": 0.5, "Area_percentage": 0.7}, "7": {"x1": 347.63531494140625, "y1": 89.2610092163086, "x2": 354.99371337890625, "y2": 93.374267578125, "classId": "car", "frame_number": 870.0, "NN_threshold": 0.5, "Area_percentage": 0.7}}