{"0": {"x1": 345.5321960449219, "y1": 90.94261169433594, "x2": 353.6052551269531, "y2": 96.22394561767578, "classId": "car", "frame_number": 560.0, "NN_threshold": 0.6, "Area_percentage": 0.6}, "1": {"x1": 251.0179443359375, "y1": 93.84701538085938, "x2": 264.1144714355469, "y2": 105.35407257080078, "classId": "car", "frame_number": 560.0, "NN_threshold": 0.6, "Area_percentage": 0.6}, "2": {"x1": 348.689208984375, "y1": 78.2761001586914, "x2": 358.42315673828125, "y2": 89.6165771484375, "classId": "car", "frame_number": 560.0, "NN_threshold": 0.6, "Area_percentage": 0.6}, "3": {"x1": 372.16064453125, "y1": 98.37986755371094, "x2": 383.9295654296875, "y2": 106.47494506835938, "classId": "car", "frame_number": 560.0, "NN_threshold": 0.6, "Area_percentage": 0.6}, "4": {"x1": 296.0113220214844, "y1": 74.49479675292969, "x2": 302.7557678222656, "y2": 82.32064056396484, "classId": "car", "frame_number": 560.0, "NN_threshold": 0.6, "Area_percentage": 0.6}}