{"0": {"x1": 367.2919921875, "y1": 90.5701904296875, "x2": 378.9293518066406, "y2": 98.31620788574219, "classId": "car", "frame_number": 310.0, "NN_threshold": 0.6, "Area_percentage": 0.7}, "1": {"x1": 266.8898010253906, "y1": 86.85868072509766, "x2": 275.75799560546875, "y2": 94.0065689086914, "classId": "car", "frame_number": 310.0, "NN_threshold": 0.6, "Area_percentage": 0.7}}