{"0": {"x1": 459.498046875, "y1": 122.31509399414062, "x2": 548.339111328125, "y2": 190.52919006347656, "classId": "truck", "frame_number": 680.0, "NN_threshold": 0.7, "Area_percentage": 0.7}, "1": {"x1": 489.8363952636719, "y1": 234.99581909179688, "x2": 586.9891357421875, "y2": 298.0052490234375, "classId": "car", "frame_number": 680.0, "NN_threshold": 0.7, "Area_percentage": 0.7}, "2": {"x1": 345.74554443359375, "y1": 84.38013458251953, "x2": 352.7626037597656, "y2": 90.8578872680664, "classId": "car", "frame_number": 680.0, "NN_threshold": 0.7, "Area_percentage": 0.7}, "3": {"x1": 368.7398681640625, "y1": 96.95914459228516, "x2": 380.0516052246094, "y2": 105.29641723632812, "classId": "car", "frame_number": 680.0, "NN_threshold": 0.7, "Area_percentage": 0.7}, "4": {"x1": 451.3298645019531, "y1": 135.01060485839844, "x2": 469.67620849609375, "y2": 162.55308532714844, "classId": "car", "frame_number": 680.0, "NN_threshold": 0.7, "Area_percentage": 0.7}, "5": {"x1": 282.1333312988281, "y1": 79.30130767822266, "x2": 292.7555236816406, "y2": 90.67121124267578, "classId": "truck", "frame_number": 680.0, "NN_threshold": 0.7, "Area_percentage": 0.7}, "6": {"x1": 282.5386962890625, "y1": 81.4146499633789, "x2": 292.586669921875, "y2": 90.87796020507812, "classId": "car", "frame_number": 680.0, "NN_threshold": 0.7, "Area_percentage": 0.7}}