{"0": {"x1": 422.8885498046875, "y1": 131.401611328125, "x2": 450.4855041503906, "y2": 152.98370361328125, "classId": "car", "frame_number": 1400.0, "NN_threshold": 0.8, "Area_percentage": 0.8}, "1": {"x1": 270.0536804199219, "y1": 97.82868194580078, "x2": 278.9142150878906, "y2": 106.16061401367188, "classId": "car", "frame_number": 1400.0, "NN_threshold": 0.8, "Area_percentage": 0.8}, "2": {"x1": 360.45001220703125, "y1": 98.79999542236328, "x2": 371.20965576171875, "y2": 108.27113342285156, "classId": "car", "frame_number": 1400.0, "NN_threshold": 0.8, "Area_percentage": 0.8}}