{"0": {"x1": 262.7434997558594, "y1": 88.04833984375, "x2": 272.1566162109375, "y2": 96.1440200805664, "classId": "car", "frame_number": 10.0, "NN_threshold": 0.8, "Area_percentage": 0.5}}