{"0": {"x1": 420.4349670410156, "y1": 167.10768127441406, "x2": 469.11724853515625, "y2": 206.955078125, "classId": "car", "frame_number": 800.0, "NN_threshold": 0.8, "Area_percentage": 0.8}, "1": {"x1": 241.71380615234375, "y1": 83.62845611572266, "x2": 267.09039306640625, "y2": 111.44359588623047, "classId": "truck", "frame_number": 800.0, "NN_threshold": 0.8, "Area_percentage": 0.8}, "2": {"x1": 369.9288024902344, "y1": 116.54277038574219, "x2": 392.0450439453125, "y2": 132.6456298828125, "classId": "car", "frame_number": 800.0, "NN_threshold": 0.8, "Area_percentage": 0.8}, "3": {"x1": 378.9228210449219, "y1": 101.20501708984375, "x2": 392.34942626953125, "y2": 112.16438293457031, "classId": "car", "frame_number": 800.0, "NN_threshold": 0.8, "Area_percentage": 0.8}, "4": {"x1": 345.0118103027344, "y1": 93.05768585205078, "x2": 353.2198181152344, "y2": 101.16813659667969, "classId": "car", "frame_number": 800.0, "NN_threshold": 0.8, "Area_percentage": 0.8}}