{"0": {"x1": 417.52490234375, "y1": 132.85922241210938, "x2": 442.62274169921875, "y2": 148.91941833496094, "classId": "car", "frame_number": 1560.0, "NN_threshold": 0.5, "Area_percentage": 0.6}, "1": {"x1": 346.8602600097656, "y1": 103.01699829101562, "x2": 355.51739501953125, "y2": 109.96149444580078, "classId": "car", "frame_number": 1560.0, "NN_threshold": 0.5, "Area_percentage": 0.6}, "2": {"x1": 348.49365234375, "y1": 93.88212585449219, "x2": 354.9224853515625, "y2": 99.50907897949219, "classId": "car", "frame_number": 1560.0, "NN_threshold": 0.5, "Area_percentage": 0.6}, "3": {"x1": 339.8832702636719, "y1": 89.56661987304688, "x2": 344.43670654296875, "y2": 93.40591430664062, "classId": "car", "frame_number": 1560.0, "NN_threshold": 0.5, "Area_percentage": 0.6}}