{"0": {"x1": 355.51007080078125, "y1": 99.6699447631836, "x2": 362.5966491699219, "y2": 106.28148651123047, "classId": "car", "frame_number": 1760.0, "NN_threshold": 0.8, "Area_percentage": 0.8}, "1": {"x1": 344.9388122558594, "y1": 103.4797592163086, "x2": 353.0745544433594, "y2": 109.32061004638672, "classId": "car", "frame_number": 1760.0, "NN_threshold": 0.8, "Area_percentage": 0.8}, "2": {"x1": 380.4471130371094, "y1": 111.6370849609375, "x2": 396.4380798339844, "y2": 123.54681396484375, "classId": "car", "frame_number": 1760.0, "NN_threshold": 0.8, "Area_percentage": 0.8}}