{"0": {"x1": 254.4021453857422, "y1": 82.11590576171875, "x2": 272.6964416503906, "y2": 105.48280334472656, "classId": "truck", "frame_number": 780.0, "NN_threshold": 0.8, "Area_percentage": 0.8}, "1": {"x1": 390.5845642089844, "y1": 134.6785888671875, "x2": 421.8701171875, "y2": 158.61117553710938, "classId": "car", "frame_number": 780.0, "NN_threshold": 0.8, "Area_percentage": 0.8}, "2": {"x1": 391.84716796875, "y1": 108.7641372680664, "x2": 408.4284362792969, "y2": 122.07711791992188, "classId": "car", "frame_number": 780.0, "NN_threshold": 0.8, "Area_percentage": 0.8}}