{"0": {"x1": 379.9527893066406, "y1": 112.86595916748047, "x2": 392.52313232421875, "y2": 122.12910461425781, "classId": "car", "frame_number": 1600.0, "NN_threshold": 0.8, "Area_percentage": 0.8}, "1": {"x1": 342.1228332519531, "y1": 100.75538635253906, "x2": 348.9031982421875, "y2": 104.40056610107422, "classId": "car", "frame_number": 1600.0, "NN_threshold": 0.8, "Area_percentage": 0.8}}