{"0": {"x1": 360.9405212402344, "y1": 89.8978500366211, "x2": 370.9151916503906, "y2": 95.43836975097656, "classId": "car", "frame_number": 330.0, "NN_threshold": 0.7, "Area_percentage": 0.7}, "1": {"x1": 258.7919006347656, "y1": 89.4115982055664, "x2": 269.2622375488281, "y2": 98.80247497558594, "classId": "car", "frame_number": 330.0, "NN_threshold": 0.7, "Area_percentage": 0.7}}