{"0": {"x1": 398.1242370605469, "y1": 112.14120483398438, "x2": 418.4952087402344, "y2": 125.1706314086914, "classId": "car", "frame_number": 520.0, "NN_threshold": 0.8, "Area_percentage": 0.7}, "1": {"x1": 353.3893737792969, "y1": 96.08131408691406, "x2": 363.9383850097656, "y2": 105.25859832763672, "classId": "car", "frame_number": 520.0, "NN_threshold": 0.8, "Area_percentage": 0.7}, "2": {"x1": 268.769775390625, "y1": 86.92229461669922, "x2": 278.1138000488281, "y2": 94.95662689208984, "classId": "car", "frame_number": 520.0, "NN_threshold": 0.8, "Area_percentage": 0.7}}