{"0": {"x1": 537.0963134765625, "y1": 199.70362854003906, "x2": 600.0, "y2": 237.52850341796875, "classId": "car", "frame_number": 1200.0, "NN_threshold": 0.7, "Area_percentage": 0.6}, "1": {"x1": 391.50286865234375, "y1": 114.81300354003906, "x2": 407.16302490234375, "y2": 125.03150939941406, "classId": "car", "frame_number": 1200.0, "NN_threshold": 0.7, "Area_percentage": 0.6}, "2": {"x1": 365.8697814941406, "y1": 115.51602935791016, "x2": 386.1341857910156, "y2": 132.16241455078125, "classId": "car", "frame_number": 1200.0, "NN_threshold": 0.7, "Area_percentage": 0.6}, "3": {"x1": 343.37103271484375, "y1": 89.55320739746094, "x2": 349.4724426269531, "y2": 96.25150299072266, "classId": "car", "frame_number": 1200.0, "NN_threshold": 0.7, "Area_percentage": 0.6}, "4": {"x1": 218.22898864746094, "y1": 100.82201385498047, "x2": 251.4741668701172, "y2": 127.54551696777344, "classId": "truck", "frame_number": 1200.0, "NN_threshold": 0.7, "Area_percentage": 0.6}}