{"0": {"x1": 366.6233215332031, "y1": 123.18185424804688, "x2": 382.2673645019531, "y2": 134.6544647216797, "classId": "car", "frame_number": 1680.0, "NN_threshold": 0.6, "Area_percentage": 0.5}, "1": {"x1": 382.69793701171875, "y1": 115.17143249511719, "x2": 396.7030334472656, "y2": 125.62686920166016, "classId": "car", "frame_number": 1680.0, "NN_threshold": 0.6, "Area_percentage": 0.5}, "2": {"x1": 353.0007629394531, "y1": 99.4817886352539, "x2": 360.0993957519531, "y2": 105.42235565185547, "classId": "car", "frame_number": 1680.0, "NN_threshold": 0.6, "Area_percentage": 0.5}, "3": {"x1": 545.830078125, "y1": 203.047607421875, "x2": 600.0, "y2": 266.8887634277344, "classId": "car", "frame_number": 1680.0, "NN_threshold": 0.6, "Area_percentage": 0.5}, "4": {"x1": 351.55517578125, "y1": 96.26960754394531, "x2": 360.7340393066406, "y2": 105.53706359863281, "classId": "car", "frame_number": 1680.0, "NN_threshold": 0.6, "Area_percentage": 0.5}}