{"0": {"x1": 416.5229187011719, "y1": 155.34231567382812, "x2": 469.4990234375, "y2": 197.80096435546875, "classId": "car", "frame_number": 1160.0, "NN_threshold": 0.8, "Area_percentage": 0.5}, "1": {"x1": 446.626953125, "y1": 143.47911071777344, "x2": 481.4750671386719, "y2": 166.38839721679688, "classId": "car", "frame_number": 1160.0, "NN_threshold": 0.8, "Area_percentage": 0.5}}