{"0": {"x1": 409.3385925292969, "y1": 119.23894500732422, "x2": 433.5177001953125, "y2": 134.16616821289062, "classId": "car", "frame_number": 510.0, "NN_threshold": 0.7, "Area_percentage": 0.7}, "1": {"x1": 271.5844421386719, "y1": 86.58247375488281, "x2": 280.65020751953125, "y2": 94.22396850585938, "classId": "car", "frame_number": 510.0, "NN_threshold": 0.7, "Area_percentage": 0.7}, "2": {"x1": 356.48272705078125, "y1": 100.4865951538086, "x2": 368.0526123046875, "y2": 109.33358764648438, "classId": "car", "frame_number": 510.0, "NN_threshold": 0.7, "Area_percentage": 0.7}, "3": {"x1": 298.7286682128906, "y1": 73.18397521972656, "x2": 304.5661315917969, "y2": 80.13163757324219, "classId": "car", "frame_number": 510.0, "NN_threshold": 0.7, "Area_percentage": 0.7}, "4": {"x1": 355.9342041015625, "y1": 86.8095932006836, "x2": 368.7467956542969, "y2": 94.78169250488281, "classId": "car", "frame_number": 510.0, "NN_threshold": 0.7, "Area_percentage": 0.7}}