{"0": {"x1": 264.368408203125, "y1": 89.30647277832031, "x2": 280.7034606933594, "y2": 102.93585205078125, "classId": "car", "frame_number": 1120.0, "NN_threshold": 0.6, "Area_percentage": 0.8}, "1": {"x1": 367.92730712890625, "y1": 92.81989288330078, "x2": 386.0135192871094, "y2": 110.34695434570312, "classId": "truck", "frame_number": 1120.0, "NN_threshold": 0.6, "Area_percentage": 0.8}, "2": {"x1": 347.8011474609375, "y1": 94.47377014160156, "x2": 354.97991943359375, "y2": 102.21592712402344, "classId": "car", "frame_number": 1120.0, "NN_threshold": 0.6, "Area_percentage": 0.8}}