{"0": {"x1": 380.0686950683594, "y1": 136.0208282470703, "x2": 403.4842224121094, "y2": 153.8671112060547, "classId": "car", "frame_number": 1480.0, "NN_threshold": 0.5, "Area_percentage": 0.7}, "1": {"x1": 218.5775146484375, "y1": 115.81230926513672, "x2": 240.93124389648438, "y2": 131.33001708984375, "classId": "car", "frame_number": 1480.0, "NN_threshold": 0.5, "Area_percentage": 0.7}, "2": {"x1": 364.5929870605469, "y1": 102.0271987915039, "x2": 374.85772705078125, "y2": 110.48111724853516, "classId": "car", "frame_number": 1480.0, "NN_threshold": 0.5, "Area_percentage": 0.7}, "3": {"x1": 340.7947998046875, "y1": 89.39879608154297, "x2": 352.71185302734375, "y2": 98.65637969970703, "classId": "car", "frame_number": 1480.0, "NN_threshold": 0.5, "Area_percentage": 0.7}, "4": {"x1": 226.15151977539062, "y1": 115.6310043334961, "x2": 242.5584259033203, "y2": 127.30186462402344, "classId": "car", "frame_number": 1480.0, "NN_threshold": 0.5, "Area_percentage": 0.7}}