{"0": {"x1": 393.802978515625, "y1": 120.01538848876953, "x2": 411.1004943847656, "y2": 132.4334259033203, "classId": "car", "frame_number": 1580.0, "NN_threshold": 0.7, "Area_percentage": 0.6}, "1": {"x1": 345.8506164550781, "y1": 93.85601043701172, "x2": 351.8576965332031, "y2": 99.2646713256836, "classId": "car", "frame_number": 1580.0, "NN_threshold": 0.7, "Area_percentage": 0.6}, "2": {"x1": 344.4914855957031, "y1": 100.51068115234375, "x2": 351.7725830078125, "y2": 107.3138427734375, "classId": "car", "frame_number": 1580.0, "NN_threshold": 0.7, "Area_percentage": 0.6}, "3": {"x1": 338.9185485839844, "y1": 90.06273651123047, "x2": 343.2935791015625, "y2": 93.57106018066406, "classId": "car", "frame_number": 1580.0, "NN_threshold": 0.7, "Area_percentage": 0.6}}