{"0": {"x1": 525.2794189453125, "y1": 192.02569580078125, "x2": 594.5643920898438, "y2": 233.49903869628906, "classId": "car", "frame_number": 930.0, "NN_threshold": 0.8, "Area_percentage": 0.8}, "1": {"x1": 347.1575622558594, "y1": 96.024658203125, "x2": 355.86260986328125, "y2": 102.96589660644531, "classId": "car", "frame_number": 930.0, "NN_threshold": 0.8, "Area_percentage": 0.8}}