{"0": {"x1": 476.59783935546875, "y1": 151.97833251953125, "x2": 526.492431640625, "y2": 185.450927734375, "classId": "car", "frame_number": 730.0, "NN_threshold": 0.7, "Area_percentage": 0.5}, "1": {"x1": 367.9390563964844, "y1": 115.28575134277344, "x2": 386.3709716796875, "y2": 127.97415161132812, "classId": "car", "frame_number": 730.0, "NN_threshold": 0.7, "Area_percentage": 0.5}, "2": {"x1": 387.6355895996094, "y1": 94.1948013305664, "x2": 417.0534973144531, "y2": 121.62078094482422, "classId": "truck", "frame_number": 730.0, "NN_threshold": 0.7, "Area_percentage": 0.5}, "3": {"x1": 355.92120361328125, "y1": 89.80792236328125, "x2": 363.5306396484375, "y2": 95.76941680908203, "classId": "car", "frame_number": 730.0, "NN_threshold": 0.7, "Area_percentage": 0.5}, "4": {"x1": 272.7017517089844, "y1": 79.28046417236328, "x2": 284.7657165527344, "y2": 94.80135345458984, "classId": "truck", "frame_number": 730.0, "NN_threshold": 0.7, "Area_percentage": 0.5}, "5": {"x1": 341.150634765625, "y1": 82.18903350830078, "x2": 347.0171813964844, "y2": 87.58374786376953, "classId": "car", "frame_number": 730.0, "NN_threshold": 0.7, "Area_percentage": 0.5}}