{"0": {"x1": 449.0609130859375, "y1": 149.9111328125, "x2": 482.302001953125, "y2": 169.8861541748047, "classId": "car", "frame_number": 1220.0, "NN_threshold": 0.6, "Area_percentage": 0.5}, "1": {"x1": 378.27978515625, "y1": 108.0317153930664, "x2": 391.0428771972656, "y2": 116.2545166015625, "classId": "car", "frame_number": 1220.0, "NN_threshold": 0.6, "Area_percentage": 0.5}, "2": {"x1": 191.5706024169922, "y1": 107.25070190429688, "x2": 239.25323486328125, "y2": 141.32826232910156, "classId": "truck", "frame_number": 1220.0, "NN_threshold": 0.6, "Area_percentage": 0.5}, "3": {"x1": 357.5408020019531, "y1": 107.50130462646484, "x2": 372.2222595214844, "y2": 120.17154693603516, "classId": "car", "frame_number": 1220.0, "NN_threshold": 0.6, "Area_percentage": 0.5}}