{"0": {"x1": 478.609130859375, "y1": 160.24566650390625, "x2": 525.4484252929688, "y2": 189.849609375, "classId": "car", "frame_number": 1150.0, "NN_threshold": 0.8, "Area_percentage": 0.7}, "1": {"x1": 449.47601318359375, "y1": 188.26011657714844, "x2": 534.8011474609375, "y2": 247.34332275390625, "classId": "car", "frame_number": 1150.0, "NN_threshold": 0.8, "Area_percentage": 0.7}}