{"0": {"x1": 456.57513427734375, "y1": 151.54298400878906, "x2": 497.06439208984375, "y2": 179.74119567871094, "classId": "car", "frame_number": 1300.0, "NN_threshold": 0.5, "Area_percentage": 0.5}, "1": {"x1": 409.9060974121094, "y1": 124.4944839477539, "x2": 431.9146423339844, "y2": 140.93885803222656, "classId": "car", "frame_number": 1300.0, "NN_threshold": 0.5, "Area_percentage": 0.5}, "2": {"x1": 369.1836853027344, "y1": 104.57449340820312, "x2": 379.6459655761719, "y2": 111.41511535644531, "classId": "car", "frame_number": 1300.0, "NN_threshold": 0.5, "Area_percentage": 0.5}, "3": {"x1": 354.04669189453125, "y1": 95.44762420654297, "x2": 360.65496826171875, "y2": 101.33740997314453, "classId": "car", "frame_number": 1300.0, "NN_threshold": 0.5, "Area_percentage": 0.5}, "4": {"x1": 340.85968017578125, "y1": 94.17630767822266, "x2": 349.308349609375, "y2": 101.73590850830078, "classId": "car", "frame_number": 1300.0, "NN_threshold": 0.5, "Area_percentage": 0.5}}