{"0": {"x1": 522.3191528320312, "y1": 187.35044860839844, "x2": 589.58447265625, "y2": 232.40972900390625, "classId": "car", "frame_number": 1370.0, "NN_threshold": 0.5, "Area_percentage": 0.8}, "1": {"x1": 366.37213134765625, "y1": 102.54994201660156, "x2": 377.24517822265625, "y2": 111.97196197509766, "classId": "car", "frame_number": 1370.0, "NN_threshold": 0.5, "Area_percentage": 0.8}, "2": {"x1": 277.8139343261719, "y1": 95.01071166992188, "x2": 285.5011291503906, "y2": 102.11376190185547, "classId": "car", "frame_number": 1370.0, "NN_threshold": 0.5, "Area_percentage": 0.8}, "3": {"x1": 374.2353210449219, "y1": 107.60747528076172, "x2": 386.095458984375, "y2": 117.85041809082031, "classId": "car", "frame_number": 1370.0, "NN_threshold": 0.5, "Area_percentage": 0.8}, "4": {"x1": 352.0110778808594, "y1": 96.37943267822266, "x2": 357.60345458984375, "y2": 101.8143081665039, "classId": "car", "frame_number": 1370.0, "NN_threshold": 0.5, "Area_percentage": 0.8}, "5": {"x1": 344.9217834472656, "y1": 91.34712219238281, "x2": 350.6250305175781, "y2": 96.9210433959961, "classId": "car", "frame_number": 1370.0, "NN_threshold": 0.5, "Area_percentage": 0.8}}