{"0": {"x1": 257.151123046875, "y1": 91.90882110595703, "x2": 268.4296875, "y2": 102.11939239501953, "classId": "car", "frame_number": 550.0, "NN_threshold": 0.8, "Area_percentage": 0.6}, "1": {"x1": 376.64471435546875, "y1": 101.11475372314453, "x2": 390.45574951171875, "y2": 109.84599304199219, "classId": "car", "frame_number": 550.0, "NN_threshold": 0.8, "Area_percentage": 0.6}, "2": {"x1": 347.26361083984375, "y1": 91.24132537841797, "x2": 356.4648132324219, "y2": 98.56133270263672, "classId": "car", "frame_number": 550.0, "NN_threshold": 0.8, "Area_percentage": 0.6}}