{"0": {"x1": 586.2430419921875, "y1": 175.4920196533203, "x2": 599.8450927734375, "y2": 235.02992248535156, "classId": "car", "frame_number": 660.0, "NN_threshold": 0.5, "Area_percentage": 0.8}, "1": {"x1": 535.35400390625, "y1": 175.8768310546875, "x2": 594.7216186523438, "y2": 236.89389038085938, "classId": "car", "frame_number": 660.0, "NN_threshold": 0.5, "Area_percentage": 0.8}, "2": {"x1": 378.8158264160156, "y1": 101.15846252441406, "x2": 390.5966796875, "y2": 110.7442626953125, "classId": "car", "frame_number": 660.0, "NN_threshold": 0.5, "Area_percentage": 0.8}, "3": {"x1": 285.7430419921875, "y1": 77.44878387451172, "x2": 295.156005859375, "y2": 88.2455825805664, "classId": "truck", "frame_number": 660.0, "NN_threshold": 0.5, "Area_percentage": 0.8}, "4": {"x1": 286.0148620605469, "y1": 79.37394714355469, "x2": 294.8175964355469, "y2": 88.4420394897461, "classId": "car", "frame_number": 660.0, "NN_threshold": 0.5, "Area_percentage": 0.8}, "5": {"x1": 349.45257568359375, "y1": 86.85648345947266, "x2": 354.8343505859375, "y2": 91.09739685058594, "classId": "car", "frame_number": 660.0, "NN_threshold": 0.5, "Area_percentage": 0.8}}