{"0": {"x1": 397.34320068359375, "y1": 119.18243408203125, "x2": 416.111328125, "y2": 134.792236328125, "classId": "car", "frame_number": 1420.0, "NN_threshold": 0.8, "Area_percentage": 0.6}, "1": {"x1": 262.8173522949219, "y1": 101.23289489746094, "x2": 273.6396789550781, "y2": 109.85284423828125, "classId": "car", "frame_number": 1420.0, "NN_threshold": 0.8, "Area_percentage": 0.6}}