{"0": {"x1": 277.81036376953125, "y1": 83.23848724365234, "x2": 285.08001708984375, "y2": 88.89575958251953, "classId": "car", "frame_number": 270.0, "NN_threshold": 0.5, "Area_percentage": 0.8}, "1": {"x1": 386.0651550292969, "y1": 101.59183502197266, "x2": 401.5544738769531, "y2": 112.08474731445312, "classId": "car", "frame_number": 270.0, "NN_threshold": 0.5, "Area_percentage": 0.8}, "2": {"x1": 347.8822937011719, "y1": 79.50297546386719, "x2": 353.9289855957031, "y2": 84.96122741699219, "classId": "car", "frame_number": 270.0, "NN_threshold": 0.5, "Area_percentage": 0.8}}