{"0": {"x1": 411.5104675292969, "y1": 124.89275360107422, "x2": 433.25146484375, "y2": 139.21263122558594, "classId": "car", "frame_number": 1180.0, "NN_threshold": 0.5, "Area_percentage": 0.8}, "1": {"x1": 381.8058166503906, "y1": 128.59483337402344, "x2": 412.0670471191406, "y2": 152.25660705566406, "classId": "car", "frame_number": 1180.0, "NN_threshold": 0.5, "Area_percentage": 0.8}, "2": {"x1": 353.1463928222656, "y1": 89.43718719482422, "x2": 365.906494140625, "y2": 100.7599105834961, "classId": "truck", "frame_number": 1180.0, "NN_threshold": 0.5, "Area_percentage": 0.8}, "3": {"x1": 343.9221496582031, "y1": 89.57298278808594, "x2": 350.385986328125, "y2": 96.95122528076172, "classId": "car", "frame_number": 1180.0, "NN_threshold": 0.5, "Area_percentage": 0.8}, "4": {"x1": 235.94244384765625, "y1": 96.97478485107422, "x2": 263.254150390625, "y2": 119.04413604736328, "classId": "truck", "frame_number": 1180.0, "NN_threshold": 0.5, "Area_percentage": 0.8}, "5": {"x1": 330.3352966308594, "y1": 82.75724029541016, "x2": 336.0843505859375, "y2": 86.86028289794922, "classId": "car", "frame_number": 1180.0, "NN_threshold": 0.5, "Area_percentage": 0.8}, "6": {"x1": 341.78411865234375, "y1": 88.30097961425781, "x2": 345.37408447265625, "y2": 92.0414047241211, "classId": "car", "frame_number": 1180.0, "NN_threshold": 0.5, "Area_percentage": 0.8}, "7": {"x1": 236.0566864013672, "y1": 97.51560974121094, "x2": 262.81256103515625, "y2": 119.0521240234375, "classId": "car", "frame_number": 1180.0, "NN_threshold": 0.5, "Area_percentage": 0.8}}