{"0": {"x1": 349.11981201171875, "y1": 98.63190460205078, "x2": 358.5809020996094, "y2": 105.67958068847656, "classId": "car", "frame_number": 920.0, "NN_threshold": 0.5, "Area_percentage": 0.7}, "1": {"x1": 344.30615234375, "y1": 93.56637573242188, "x2": 352.0050048828125, "y2": 99.52240753173828, "classId": "car", "frame_number": 920.0, "NN_threshold": 0.5, "Area_percentage": 0.7}, "2": {"x1": 341.5206298828125, "y1": 88.00196075439453, "x2": 349.46881103515625, "y2": 94.4357681274414, "classId": "car", "frame_number": 920.0, "NN_threshold": 0.5, "Area_percentage": 0.7}, "3": {"x1": 348.2199401855469, "y1": 87.37097930908203, "x2": 353.8955993652344, "y2": 92.33671569824219, "classId": "car", "frame_number": 920.0, "NN_threshold": 0.5, "Area_percentage": 0.7}, "4": {"x1": 294.72174072265625, "y1": 82.76018524169922, "x2": 299.8633728027344, "y2": 87.51517486572266, "classId": "car", "frame_number": 920.0, "NN_threshold": 0.5, "Area_percentage": 0.7}, "5": {"x1": 344.8360290527344, "y1": 87.53695678710938, "x2": 353.5826110839844, "y2": 94.1549301147461, "classId": "car", "frame_number": 920.0, "NN_threshold": 0.5, "Area_percentage": 0.7}, "6": {"x1": 340.7108459472656, "y1": 89.83148956298828, "x2": 347.5444030761719, "y2": 95.38919830322266, "classId": "car", "frame_number": 920.0, "NN_threshold": 0.5, "Area_percentage": 0.7}}