{"0": {"x1": 221.6898193359375, "y1": 101.59986877441406, "x2": 237.561279296875, "y2": 114.75360870361328, "classId": "car", "frame_number": 180.0, "NN_threshold": 0.6, "Area_percentage": 0.7}, "1": {"x1": 291.1094055175781, "y1": 75.30815124511719, "x2": 296.85394287109375, "y2": 79.24565124511719, "classId": "car", "frame_number": 180.0, "NN_threshold": 0.6, "Area_percentage": 0.7}, "2": {"x1": 255.22171020507812, "y1": 101.65424346923828, "x2": 269.8080749511719, "y2": 113.56071472167969, "classId": "car", "frame_number": 180.0, "NN_threshold": 0.6, "Area_percentage": 0.7}, "3": {"x1": 364.85479736328125, "y1": 86.03459930419922, "x2": 375.09942626953125, "y2": 94.69904327392578, "classId": "car", "frame_number": 180.0, "NN_threshold": 0.6, "Area_percentage": 0.7}}