{"0": {"x1": 426.3308410644531, "y1": 101.14396667480469, "x2": 500.0126037597656, "y2": 158.8444061279297, "classId": "truck", "frame_number": 390.0, "NN_threshold": 0.6, "Area_percentage": 0.7}, "1": {"x1": 204.87338256835938, "y1": 108.05172729492188, "x2": 226.142822265625, "y2": 126.7928237915039, "classId": "car", "frame_number": 390.0, "NN_threshold": 0.6, "Area_percentage": 0.7}, "2": {"x1": 349.7213439941406, "y1": 83.69059753417969, "x2": 356.6195068359375, "y2": 88.26829528808594, "classId": "car", "frame_number": 390.0, "NN_threshold": 0.6, "Area_percentage": 0.7}}