{"0": {"x1": 399.446044921875, "y1": 119.99679565429688, "x2": 416.94940185546875, "y2": 131.6813507080078, "classId": "car", "frame_number": 1250.0, "NN_threshold": 0.6, "Area_percentage": 0.6}, "1": {"x1": 366.21435546875, "y1": 100.44395446777344, "x2": 375.3969421386719, "y2": 107.59532165527344, "classId": "car", "frame_number": 1250.0, "NN_threshold": 0.6, "Area_percentage": 0.6}, "2": {"x1": 98.18956756591797, "y1": 123.89599609375, "x2": 182.7668914794922, "y2": 186.40138244628906, "classId": "truck", "frame_number": 1250.0, "NN_threshold": 0.6, "Area_percentage": 0.6}, "3": {"x1": 344.119384765625, "y1": 87.02186584472656, "x2": 353.1747131347656, "y2": 95.09381866455078, "classId": "car", "frame_number": 1250.0, "NN_threshold": 0.6, "Area_percentage": 0.6}}