{"0": {"x1": 371.2555236816406, "y1": 94.15849304199219, "x2": 383.1107482910156, "y2": 101.8707046508789, "classId": "car", "frame_number": 300.0, "NN_threshold": 0.8, "Area_percentage": 0.6}, "1": {"x1": 270.09002685546875, "y1": 87.27623748779297, "x2": 278.4153747558594, "y2": 93.33141326904297, "classId": "car", "frame_number": 300.0, "NN_threshold": 0.8, "Area_percentage": 0.6}}