{"0": {"x1": 351.001708984375, "y1": 99.2384033203125, "x2": 361.1555480957031, "y2": 107.57124328613281, "classId": "car", "frame_number": 910.0, "NN_threshold": 0.7, "Area_percentage": 0.5}, "1": {"x1": 346.0567626953125, "y1": 93.96234130859375, "x2": 353.8861389160156, "y2": 100.77886962890625, "classId": "car", "frame_number": 910.0, "NN_threshold": 0.7, "Area_percentage": 0.5}, "2": {"x1": 349.5112609863281, "y1": 87.11080932617188, "x2": 356.0273132324219, "y2": 93.83655548095703, "classId": "car", "frame_number": 910.0, "NN_threshold": 0.7, "Area_percentage": 0.5}, "3": {"x1": 342.1610412597656, "y1": 88.99347686767578, "x2": 349.7748718261719, "y2": 95.83100128173828, "classId": "car", "frame_number": 910.0, "NN_threshold": 0.7, "Area_percentage": 0.5}}