{"0": {"x1": 442.0860290527344, "y1": 140.85548400878906, "x2": 474.819091796875, "y2": 163.71942138671875, "classId": "car", "frame_number": 950.0, "NN_threshold": 0.5, "Area_percentage": 0.6}, "1": {"x1": 343.7671813964844, "y1": 93.14349365234375, "x2": 352.5224914550781, "y2": 99.59149169921875, "classId": "car", "frame_number": 950.0, "NN_threshold": 0.5, "Area_percentage": 0.6}, "2": {"x1": 291.9967956542969, "y1": 83.18811798095703, "x2": 298.6837463378906, "y2": 88.85721588134766, "classId": "car", "frame_number": 950.0, "NN_threshold": 0.5, "Area_percentage": 0.6}, "3": {"x1": 339.122314453125, "y1": 80.30162048339844, "x2": 346.92901611328125, "y2": 87.20382690429688, "classId": "car", "frame_number": 950.0, "NN_threshold": 0.5, "Area_percentage": 0.6}, "4": {"x1": 342.447265625, "y1": 89.30765533447266, "x2": 352.36602783203125, "y2": 99.05357360839844, "classId": "car", "frame_number": 950.0, "NN_threshold": 0.5, "Area_percentage": 0.6}, "5": {"x1": 343.8191223144531, "y1": 95.26469421386719, "x2": 351.85833740234375, "y2": 98.474365234375, "classId": "car", "frame_number": 950.0, "NN_threshold": 0.5, "Area_percentage": 0.6}}