{"0": {"x1": 478.609130859375, "y1": 160.24566650390625, "x2": 525.4484252929688, "y2": 189.849609375, "classId": "car", "frame_number": 1150.0, "NN_threshold": 0.7, "Area_percentage": 0.8}, "1": {"x1": 449.47601318359375, "y1": 188.26011657714844, "x2": 534.8011474609375, "y2": 247.34332275390625, "classId": "car", "frame_number": 1150.0, "NN_threshold": 0.7, "Area_percentage": 0.8}, "2": {"x1": 345.209228515625, "y1": 89.9825668334961, "x2": 352.389404296875, "y2": 98.34072875976562, "classId": "car", "frame_number": 1150.0, "NN_threshold": 0.7, "Area_percentage": 0.8}}