{"0": {"x1": 448.5228576660156, "y1": 148.99957275390625, "x2": 484.8821105957031, "y2": 174.8723602294922, "classId": "car", "frame_number": 1630.0, "NN_threshold": 0.5, "Area_percentage": 0.5}, "1": {"x1": 425.36773681640625, "y1": 180.7351837158203, "x2": 471.177490234375, "y2": 210.9860382080078, "classId": "car", "frame_number": 1630.0, "NN_threshold": 0.5, "Area_percentage": 0.5}, "2": {"x1": 365.03240966796875, "y1": 105.18501281738281, "x2": 375.77191162109375, "y2": 113.39053344726562, "classId": "car", "frame_number": 1630.0, "NN_threshold": 0.5, "Area_percentage": 0.5}, "3": {"x1": 338.5943298339844, "y1": 98.77916717529297, "x2": 343.46728515625, "y2": 101.88069152832031, "classId": "car", "frame_number": 1630.0, "NN_threshold": 0.5, "Area_percentage": 0.5}, "4": {"x1": 340.2080078125, "y1": 90.72958374023438, "x2": 346.0093688964844, "y2": 96.82425689697266, "classId": "car", "frame_number": 1630.0, "NN_threshold": 0.5, "Area_percentage": 0.5}}