{"0": {"x1": 383.0268249511719, "y1": 104.11715698242188, "x2": 397.2345886230469, "y2": 113.30796813964844, "classId": "car", "frame_number": 540.0, "NN_threshold": 0.8, "Area_percentage": 0.7}, "1": {"x1": 261.86761474609375, "y1": 90.32657623291016, "x2": 271.9166564941406, "y2": 100.04471588134766, "classId": "car", "frame_number": 540.0, "NN_threshold": 0.8, "Area_percentage": 0.7}, "2": {"x1": 297.5167541503906, "y1": 73.72904968261719, "x2": 303.5765075683594, "y2": 80.5339126586914, "classId": "car", "frame_number": 540.0, "NN_threshold": 0.8, "Area_percentage": 0.7}, "3": {"x1": 350.97509765625, "y1": 78.73182678222656, "x2": 362.89202880859375, "y2": 89.5038070678711, "classId": "car", "frame_number": 540.0, "NN_threshold": 0.8, "Area_percentage": 0.7}}