{"0": {"x1": 426.0959167480469, "y1": 165.15638732910156, "x2": 477.1499328613281, "y2": 195.99884033203125, "classId": "car", "frame_number": 440.0, "NN_threshold": 0.7, "Area_percentage": 0.7}, "1": {"x1": 375.73046875, "y1": 86.60652923583984, "x2": 404.40948486328125, "y2": 113.67816162109375, "classId": "truck", "frame_number": 440.0, "NN_threshold": 0.7, "Area_percentage": 0.7}}