{"0": {"x1": 475.0494384765625, "y1": 158.84649658203125, "x2": 517.8650512695312, "y2": 189.17971801757812, "classId": "car", "frame_number": 940.0, "NN_threshold": 0.6, "Area_percentage": 0.6}, "1": {"x1": 345.1037902832031, "y1": 94.5514907836914, "x2": 354.1311340332031, "y2": 101.87323760986328, "classId": "car", "frame_number": 940.0, "NN_threshold": 0.6, "Area_percentage": 0.6}, "2": {"x1": 343.67120361328125, "y1": 86.56724548339844, "x2": 351.4076843261719, "y2": 92.13207244873047, "classId": "car", "frame_number": 940.0, "NN_threshold": 0.6, "Area_percentage": 0.6}}