{"0": {"x1": 389.7278137207031, "y1": 107.65415954589844, "x2": 407.4538879394531, "y2": 119.05975341796875, "classId": "car", "frame_number": 530.0, "NN_threshold": 0.8, "Area_percentage": 0.5}, "1": {"x1": 265.2503662109375, "y1": 88.09800720214844, "x2": 275.59515380859375, "y2": 97.49771118164062, "classId": "car", "frame_number": 530.0, "NN_threshold": 0.8, "Area_percentage": 0.5}}