{"0": {"x1": 426.49725341796875, "y1": 128.49307250976562, "x2": 456.600341796875, "y2": 146.9241943359375, "classId": "car", "frame_number": 500.0, "NN_threshold": 0.8, "Area_percentage": 0.8}, "1": {"x1": 359.177490234375, "y1": 103.400146484375, "x2": 372.6261291503906, "y2": 113.25180053710938, "classId": "car", "frame_number": 500.0, "NN_threshold": 0.8, "Area_percentage": 0.8}, "2": {"x1": 357.9809875488281, "y1": 80.69988250732422, "x2": 372.4383239746094, "y2": 96.98822021484375, "classId": "car", "frame_number": 500.0, "NN_threshold": 0.8, "Area_percentage": 0.8}, "3": {"x1": 274.50555419921875, "y1": 85.3553695678711, "x2": 282.6221618652344, "y2": 92.98126220703125, "classId": "car", "frame_number": 500.0, "NN_threshold": 0.8, "Area_percentage": 0.8}}