{"0": {"x1": 389.1048583984375, "y1": 114.78675842285156, "x2": 405.0616455078125, "y2": 127.62594604492188, "classId": "car", "frame_number": 1430.0, "NN_threshold": 0.8, "Area_percentage": 0.7}, "1": {"x1": 258.2841491699219, "y1": 102.30449676513672, "x2": 269.4284362792969, "y2": 112.04446411132812, "classId": "car", "frame_number": 1430.0, "NN_threshold": 0.8, "Area_percentage": 0.7}, "2": {"x1": 353.54107666015625, "y1": 96.03411865234375, "x2": 362.4880065917969, "y2": 104.39783477783203, "classId": "car", "frame_number": 1430.0, "NN_threshold": 0.8, "Area_percentage": 0.7}}