{"0": {"x1": 358.9787292480469, "y1": 89.36846160888672, "x2": 368.2428283691406, "y2": 94.36226654052734, "classId": "car", "frame_number": 340.0, "NN_threshold": 0.6, "Area_percentage": 0.5}, "1": {"x1": 253.99835205078125, "y1": 91.18607330322266, "x2": 265.80511474609375, "y2": 101.67313385009766, "classId": "car", "frame_number": 340.0, "NN_threshold": 0.6, "Area_percentage": 0.5}, "2": {"x1": 341.3308410644531, "y1": 77.81446075439453, "x2": 345.7463684082031, "y2": 81.86734771728516, "classId": "car", "frame_number": 340.0, "NN_threshold": 0.6, "Area_percentage": 0.5}}