{"0": {"x1": 449.0609130859375, "y1": 149.9111328125, "x2": 482.302001953125, "y2": 169.8861541748047, "classId": "car", "frame_number": 1220.0, "NN_threshold": 0.5, "Area_percentage": 0.8}, "1": {"x1": 378.27978515625, "y1": 108.0317153930664, "x2": 391.0428771972656, "y2": 116.2545166015625, "classId": "car", "frame_number": 1220.0, "NN_threshold": 0.5, "Area_percentage": 0.8}, "2": {"x1": 191.5706024169922, "y1": 107.25070190429688, "x2": 239.25323486328125, "y2": 141.32826232910156, "classId": "truck", "frame_number": 1220.0, "NN_threshold": 0.5, "Area_percentage": 0.8}, "3": {"x1": 357.5408020019531, "y1": 107.50130462646484, "x2": 372.2222595214844, "y2": 120.17154693603516, "classId": "car", "frame_number": 1220.0, "NN_threshold": 0.5, "Area_percentage": 0.8}, "4": {"x1": 342.3968200683594, "y1": 89.50623321533203, "x2": 347.2607421875, "y2": 95.1441879272461, "classId": "car", "frame_number": 1220.0, "NN_threshold": 0.5, "Area_percentage": 0.8}, "5": {"x1": 346.8499755859375, "y1": 87.51260375976562, "x2": 358.22119140625, "y2": 97.65106201171875, "classId": "truck", "frame_number": 1220.0, "NN_threshold": 0.5, "Area_percentage": 0.8}, "6": {"x1": 348.6059265136719, "y1": 88.2608642578125, "x2": 358.0534973144531, "y2": 97.47718048095703, "classId": "car", "frame_number": 1220.0, "NN_threshold": 0.5, "Area_percentage": 0.8}}