{"0": {"x1": 379.9527893066406, "y1": 112.86595916748047, "x2": 392.52313232421875, "y2": 122.12910461425781, "classId": "car", "frame_number": 1600.0, "NN_threshold": 0.5, "Area_percentage": 0.5}, "1": {"x1": 342.1228332519531, "y1": 100.75538635253906, "x2": 348.9031982421875, "y2": 104.40056610107422, "classId": "car", "frame_number": 1600.0, "NN_threshold": 0.5, "Area_percentage": 0.5}, "2": {"x1": 341.9117736816406, "y1": 98.09166717529297, "x2": 349.6518249511719, "y2": 105.72431945800781, "classId": "car", "frame_number": 1600.0, "NN_threshold": 0.5, "Area_percentage": 0.5}, "3": {"x1": 342.0762634277344, "y1": 102.09893798828125, "x2": 348.9878845214844, "y2": 105.6302490234375, "classId": "car", "frame_number": 1600.0, "NN_threshold": 0.5, "Area_percentage": 0.5}}