{"0": {"x1": 371.8951416015625, "y1": 127.51716613769531, "x2": 390.61920166015625, "y2": 140.09217834472656, "classId": "car", "frame_number": 1670.0, "NN_threshold": 0.6, "Area_percentage": 0.7}, "1": {"x1": 389.5558776855469, "y1": 116.59507751464844, "x2": 405.94757080078125, "y2": 129.57305908203125, "classId": "car", "frame_number": 1670.0, "NN_threshold": 0.6, "Area_percentage": 0.7}, "2": {"x1": 354.5692443847656, "y1": 98.59388732910156, "x2": 362.84051513671875, "y2": 105.6741714477539, "classId": "car", "frame_number": 1670.0, "NN_threshold": 0.6, "Area_percentage": 0.7}}