{"0": {"x1": 231.49240112304688, "y1": 99.54989624023438, "x2": 247.25506591796875, "y2": 113.90520477294922, "classId": "car", "frame_number": 370.0, "NN_threshold": 0.8, "Area_percentage": 0.5}, "1": {"x1": 352.9591064453125, "y1": 84.08072662353516, "x2": 360.50225830078125, "y2": 90.1756591796875, "classId": "car", "frame_number": 370.0, "NN_threshold": 0.8, "Area_percentage": 0.5}, "2": {"x1": 482.2218322753906, "y1": 119.32756805419922, "x2": 600.0, "y2": 227.27980041503906, "classId": "truck", "frame_number": 370.0, "NN_threshold": 0.8, "Area_percentage": 0.5}}