{"0": {"x1": 411.5104675292969, "y1": 124.89275360107422, "x2": 433.25146484375, "y2": 139.21263122558594, "classId": "car", "frame_number": 1180.0, "NN_threshold": 0.8, "Area_percentage": 0.8}, "1": {"x1": 381.8058166503906, "y1": 128.59483337402344, "x2": 412.0670471191406, "y2": 152.25660705566406, "classId": "car", "frame_number": 1180.0, "NN_threshold": 0.8, "Area_percentage": 0.8}}