{"0": {"x1": 279.2784729003906, "y1": 86.33734130859375, "x2": 288.8268127441406, "y2": 95.7987060546875, "classId": "car", "frame_number": 1060.0, "NN_threshold": 0.7, "Area_percentage": 0.7}, "1": {"x1": 358.1083068847656, "y1": 106.33987426757812, "x2": 369.4556884765625, "y2": 116.2733154296875, "classId": "car", "frame_number": 1060.0, "NN_threshold": 0.7, "Area_percentage": 0.7}, "2": {"x1": 398.7476806640625, "y1": 104.05089569091797, "x2": 437.52471923828125, "y2": 137.1786651611328, "classId": "truck", "frame_number": 1060.0, "NN_threshold": 0.7, "Area_percentage": 0.7}, "3": {"x1": 358.3662414550781, "y1": 94.31341552734375, "x2": 366.6611328125, "y2": 101.0462646484375, "classId": "car", "frame_number": 1060.0, "NN_threshold": 0.7, "Area_percentage": 0.7}}