{"0": {"x1": 151.67213439941406, "y1": 119.20459747314453, "x2": 185.78187561035156, "y2": 145.84976196289062, "classId": "car", "frame_number": 100.0, "NN_threshold": 0.6, "Area_percentage": 0.8}, "1": {"x1": 426.5689697265625, "y1": 113.92845153808594, "x2": 455.961181640625, "y2": 134.8741912841797, "classId": "car", "frame_number": 100.0, "NN_threshold": 0.6, "Area_percentage": 0.8}, "2": {"x1": 270.88385009765625, "y1": 80.73467254638672, "x2": 278.9795227050781, "y2": 87.4441146850586, "classId": "car", "frame_number": 100.0, "NN_threshold": 0.6, "Area_percentage": 0.8}, "3": {"x1": 287.2060546875, "y1": 80.01197052001953, "x2": 294.96075439453125, "y2": 86.3941879272461, "classId": "car", "frame_number": 100.0, "NN_threshold": 0.6, "Area_percentage": 0.8}}