{"0": {"x1": 258.08294677734375, "y1": 85.55241394042969, "x2": 267.6171569824219, "y2": 94.47808074951172, "classId": "car", "frame_number": 20.0, "NN_threshold": 0.5, "Area_percentage": 0.7}, "1": {"x1": 298.80242919921875, "y1": 74.52665710449219, "x2": 304.1207580566406, "y2": 79.03436279296875, "classId": "car", "frame_number": 20.0, "NN_threshold": 0.5, "Area_percentage": 0.7}, "2": {"x1": 287.3957214355469, "y1": 74.61258697509766, "x2": 292.5672912597656, "y2": 80.16619873046875, "classId": "car", "frame_number": 20.0, "NN_threshold": 0.5, "Area_percentage": 0.7}, "3": {"x1": 332.64324951171875, "y1": 66.29459381103516, "x2": 344.28759765625, "y2": 77.4287109375, "classId": "truck", "frame_number": 20.0, "NN_threshold": 0.5, "Area_percentage": 0.7}}