{"0": {"x1": 0.11350169032812119, "y1": 193.112548828125, "x2": 19.936935424804688, "y2": 244.38482666015625, "classId": "car", "frame_number": 130.0, "NN_threshold": 0.7, "Area_percentage": 0.6}, "1": {"x1": 259.91851806640625, "y1": 86.98746490478516, "x2": 269.59478759765625, "y2": 94.80618286132812, "classId": "car", "frame_number": 130.0, "NN_threshold": 0.7, "Area_percentage": 0.6}, "2": {"x1": 392.09088134765625, "y1": 98.22109985351562, "x2": 407.83984375, "y2": 111.20162963867188, "classId": "car", "frame_number": 130.0, "NN_threshold": 0.7, "Area_percentage": 0.6}, "3": {"x1": 279.7977294921875, "y1": 86.0730972290039, "x2": 289.0271301269531, "y2": 93.63809967041016, "classId": "car", "frame_number": 130.0, "NN_threshold": 0.7, "Area_percentage": 0.6}}