{"0": {"x1": 266.2574157714844, "y1": 77.20003509521484, "x2": 274.85498046875, "y2": 84.26271057128906, "classId": "car", "frame_number": 0.0, "NN_threshold": 0.7, "Area_percentage": 0.7}, "1": {"x1": 289.1957702636719, "y1": 67.99767303466797, "x2": 294.5574645996094, "y2": 73.14749908447266, "classId": "car", "frame_number": 0.0, "NN_threshold": 0.7, "Area_percentage": 0.7}}