{"0": {"x1": 257.151123046875, "y1": 91.90882110595703, "x2": 268.4296875, "y2": 102.11939239501953, "classId": "car", "frame_number": 550.0, "NN_threshold": 0.5, "Area_percentage": 0.7}, "1": {"x1": 376.64471435546875, "y1": 101.11475372314453, "x2": 390.45574951171875, "y2": 109.84599304199219, "classId": "car", "frame_number": 550.0, "NN_threshold": 0.5, "Area_percentage": 0.7}, "2": {"x1": 347.26361083984375, "y1": 91.24132537841797, "x2": 356.4648132324219, "y2": 98.56133270263672, "classId": "car", "frame_number": 550.0, "NN_threshold": 0.5, "Area_percentage": 0.7}, "3": {"x1": 349.8045959472656, "y1": 78.92558288574219, "x2": 360.5120849609375, "y2": 89.32054138183594, "classId": "car", "frame_number": 550.0, "NN_threshold": 0.5, "Area_percentage": 0.7}, "4": {"x1": 296.78240966796875, "y1": 74.54048156738281, "x2": 303.0396423339844, "y2": 81.46875762939453, "classId": "car", "frame_number": 550.0, "NN_threshold": 0.5, "Area_percentage": 0.7}, "5": {"x1": 347.45001220703125, "y1": 78.48064422607422, "x2": 360.9645690917969, "y2": 95.02799987792969, "classId": "truck", "frame_number": 550.0, "NN_threshold": 0.5, "Area_percentage": 0.7}}