{"0": {"x1": 378.7951965332031, "y1": 134.70758056640625, "x2": 399.4342041015625, "y2": 149.50393676757812, "classId": "car", "frame_number": 1660.0, "NN_threshold": 0.5, "Area_percentage": 0.7}, "1": {"x1": 398.0884704589844, "y1": 120.64044189453125, "x2": 416.31414794921875, "y2": 136.5832061767578, "classId": "car", "frame_number": 1660.0, "NN_threshold": 0.5, "Area_percentage": 0.7}, "2": {"x1": 357.37646484375, "y1": 101.22663879394531, "x2": 364.67047119140625, "y2": 107.77767944335938, "classId": "car", "frame_number": 1660.0, "NN_threshold": 0.5, "Area_percentage": 0.7}, "3": {"x1": 339.09576416015625, "y1": 90.78987884521484, "x2": 343.9268493652344, "y2": 94.98550415039062, "classId": "car", "frame_number": 1660.0, "NN_threshold": 0.5, "Area_percentage": 0.7}}