{"0": {"x1": 357.2129211425781, "y1": 100.94464111328125, "x2": 364.6115417480469, "y2": 107.29071044921875, "classId": "car", "frame_number": 1750.0, "NN_threshold": 0.8, "Area_percentage": 0.8}, "1": {"x1": 346.2101745605469, "y1": 104.4834976196289, "x2": 354.8880310058594, "y2": 110.51496124267578, "classId": "car", "frame_number": 1750.0, "NN_threshold": 0.8, "Area_percentage": 0.8}}