{"0": {"x1": 262.1841125488281, "y1": 89.60692596435547, "x2": 278.2481689453125, "y2": 103.62149047851562, "classId": "car", "frame_number": 1130.0, "NN_threshold": 0.5, "Area_percentage": 0.6}, "1": {"x1": 365.099365234375, "y1": 90.33446502685547, "x2": 382.0771484375, "y2": 106.91454315185547, "classId": "truck", "frame_number": 1130.0, "NN_threshold": 0.5, "Area_percentage": 0.6}, "2": {"x1": 346.7774658203125, "y1": 92.5648422241211, "x2": 353.83392333984375, "y2": 99.90265655517578, "classId": "car", "frame_number": 1130.0, "NN_threshold": 0.5, "Area_percentage": 0.6}, "3": {"x1": 364.80584716796875, "y1": 90.54093933105469, "x2": 382.1240234375, "y2": 106.55592346191406, "classId": "car", "frame_number": 1130.0, "NN_threshold": 0.5, "Area_percentage": 0.6}}