{"0": {"x1": 153.32017517089844, "y1": 135.09999084472656, "x2": 194.72950744628906, "y2": 163.88479614257812, "classId": "car", "frame_number": 1510.0, "NN_threshold": 0.6, "Area_percentage": 0.6}, "1": {"x1": 359.4525146484375, "y1": 115.77436065673828, "x2": 373.9495849609375, "y2": 126.85221099853516, "classId": "car", "frame_number": 1510.0, "NN_threshold": 0.6, "Area_percentage": 0.6}, "2": {"x1": 338.2806091308594, "y1": 88.94760131835938, "x2": 348.1669921875, "y2": 95.97616577148438, "classId": "car", "frame_number": 1510.0, "NN_threshold": 0.6, "Area_percentage": 0.6}, "3": {"x1": 356.7625427246094, "y1": 97.59783172607422, "x2": 365.0000305175781, "y2": 104.60737609863281, "classId": "car", "frame_number": 1510.0, "NN_threshold": 0.6, "Area_percentage": 0.6}, "4": {"x1": 183.27613830566406, "y1": 134.92466735839844, "x2": 199.84107971191406, "y2": 150.3680877685547, "classId": "car", "frame_number": 1510.0, "NN_threshold": 0.6, "Area_percentage": 0.6}}