{"0": {"x1": 254.4021453857422, "y1": 82.11590576171875, "x2": 272.6964416503906, "y2": 105.48280334472656, "classId": "truck", "frame_number": 780.0, "NN_threshold": 0.5, "Area_percentage": 0.5}, "1": {"x1": 390.5845642089844, "y1": 134.6785888671875, "x2": 421.8701171875, "y2": 158.61117553710938, "classId": "car", "frame_number": 780.0, "NN_threshold": 0.5, "Area_percentage": 0.5}, "2": {"x1": 391.84716796875, "y1": 108.7641372680664, "x2": 408.4284362792969, "y2": 122.07711791992188, "classId": "car", "frame_number": 780.0, "NN_threshold": 0.5, "Area_percentage": 0.5}, "3": {"x1": 348.96221923828125, "y1": 98.01087188720703, "x2": 358.3104553222656, "y2": 106.32777404785156, "classId": "car", "frame_number": 780.0, "NN_threshold": 0.5, "Area_percentage": 0.5}, "4": {"x1": 348.6960754394531, "y1": 87.89160919189453, "x2": 353.7172546386719, "y2": 92.61802673339844, "classId": "car", "frame_number": 780.0, "NN_threshold": 0.5, "Area_percentage": 0.5}, "5": {"x1": 363.7222900390625, "y1": 88.93563842773438, "x2": 379.4764404296875, "y2": 105.00405883789062, "classId": "truck", "frame_number": 780.0, "NN_threshold": 0.5, "Area_percentage": 0.5}, "6": {"x1": 363.7057189941406, "y1": 89.72276306152344, "x2": 379.1192321777344, "y2": 105.46839904785156, "classId": "car", "frame_number": 780.0, "NN_threshold": 0.5, "Area_percentage": 0.5}, "7": {"x1": 266.2926025390625, "y1": 83.97814178466797, "x2": 273.83648681640625, "y2": 103.13087463378906, "classId": "truck", "frame_number": 780.0, "NN_threshold": 0.5, "Area_percentage": 0.5}}