{"0": {"x1": 411.01251220703125, "y1": 95.63688659667969, "x2": 468.7726745605469, "y2": 142.59532165527344, "classId": "truck", "frame_number": 400.0, "NN_threshold": 0.7, "Area_percentage": 0.7}, "1": {"x1": 186.07525634765625, "y1": 115.28036499023438, "x2": 209.69078063964844, "y2": 137.65603637695312, "classId": "car", "frame_number": 400.0, "NN_threshold": 0.7, "Area_percentage": 0.7}}