{"0": {"x1": 446.1131286621094, "y1": 137.15122985839844, "x2": 483.71331787109375, "y2": 162.51449584960938, "classId": "car", "frame_number": 740.0, "NN_threshold": 0.6, "Area_percentage": 0.8}, "1": {"x1": 380.45855712890625, "y1": 93.70970153808594, "x2": 405.7541809082031, "y2": 117.6270751953125, "classId": "truck", "frame_number": 740.0, "NN_threshold": 0.6, "Area_percentage": 0.8}, "2": {"x1": 353.8456115722656, "y1": 89.90953826904297, "x2": 360.7047119140625, "y2": 95.62281036376953, "classId": "car", "frame_number": 740.0, "NN_threshold": 0.6, "Area_percentage": 0.8}, "3": {"x1": 269.74871826171875, "y1": 81.2782211303711, "x2": 283.70721435546875, "y2": 97.52888488769531, "classId": "truck", "frame_number": 740.0, "NN_threshold": 0.6, "Area_percentage": 0.8}, "4": {"x1": 362.15985107421875, "y1": 110.87484741210938, "x2": 377.37164306640625, "y2": 122.12063598632812, "classId": "car", "frame_number": 740.0, "NN_threshold": 0.6, "Area_percentage": 0.8}, "5": {"x1": 340.2208557128906, "y1": 83.18697357177734, "x2": 345.80133056640625, "y2": 87.58252716064453, "classId": "car", "frame_number": 740.0, "NN_threshold": 0.6, "Area_percentage": 0.8}}