{"0": {"x1": 433.17181396484375, "y1": 176.7035369873047, "x2": 481.9447326660156, "y2": 214.81637573242188, "classId": "car", "frame_number": 1800.0, "NN_threshold": 0.6, "Area_percentage": 0.8}, "1": {"x1": 364.96746826171875, "y1": 103.94097900390625, "x2": 375.9551696777344, "y2": 112.53053283691406, "classId": "car", "frame_number": 1800.0, "NN_threshold": 0.6, "Area_percentage": 0.8}, "2": {"x1": 278.1019287109375, "y1": 99.10991668701172, "x2": 285.19146728515625, "y2": 105.29828643798828, "classId": "car", "frame_number": 1800.0, "NN_threshold": 0.6, "Area_percentage": 0.8}, "3": {"x1": 290.205322265625, "y1": 99.33299255371094, "x2": 296.70245361328125, "y2": 105.177734375, "classId": "car", "frame_number": 1800.0, "NN_threshold": 0.6, "Area_percentage": 0.8}, "4": {"x1": 340.8384094238281, "y1": 99.79175567626953, "x2": 346.5999450683594, "y2": 104.0661392211914, "classId": "car", "frame_number": 1800.0, "NN_threshold": 0.6, "Area_percentage": 0.8}, "5": {"x1": 547.0846557617188, "y1": 167.5804443359375, "x2": 598.6163940429688, "y2": 258.1239013671875, "classId": "truck", "frame_number": 1800.0, "NN_threshold": 0.6, "Area_percentage": 0.8}, "6": {"x1": 349.3313293457031, "y1": 96.11744689941406, "x2": 355.1160888671875, "y2": 101.94624328613281, "classId": "car", "frame_number": 1800.0, "NN_threshold": 0.6, "Area_percentage": 0.8}}