{"0": {"x1": 399.435546875, "y1": 119.24443054199219, "x2": 418.3999938964844, "y2": 131.95750427246094, "classId": "car", "frame_number": 1190.0, "NN_threshold": 0.8, "Area_percentage": 0.5}, "1": {"x1": 372.4405517578125, "y1": 121.27444458007812, "x2": 396.58685302734375, "y2": 141.34535217285156, "classId": "car", "frame_number": 1190.0, "NN_threshold": 0.8, "Area_percentage": 0.5}, "2": {"x1": 343.4311218261719, "y1": 90.299072265625, "x2": 349.59771728515625, "y2": 96.73755645751953, "classId": "car", "frame_number": 1190.0, "NN_threshold": 0.8, "Area_percentage": 0.5}}