{"0": {"x1": 402.4927978515625, "y1": 121.50324249267578, "x2": 424.2110595703125, "y2": 138.52322387695312, "classId": "car", "frame_number": 1330.0, "NN_threshold": 0.5, "Area_percentage": 0.7}, "1": {"x1": 359.6925048828125, "y1": 100.3169174194336, "x2": 368.12213134765625, "y2": 106.17388153076172, "classId": "car", "frame_number": 1330.0, "NN_threshold": 0.5, "Area_percentage": 0.7}, "2": {"x1": 384.5419921875, "y1": 111.74994659423828, "x2": 398.6661376953125, "y2": 123.12677001953125, "classId": "car", "frame_number": 1330.0, "NN_threshold": 0.5, "Area_percentage": 0.7}, "3": {"x1": 349.4434814453125, "y1": 93.71505737304688, "x2": 355.3568115234375, "y2": 99.04057312011719, "classId": "car", "frame_number": 1330.0, "NN_threshold": 0.5, "Area_percentage": 0.7}, "4": {"x1": 284.8914794921875, "y1": 90.78480529785156, "x2": 291.4933166503906, "y2": 97.93894958496094, "classId": "car", "frame_number": 1330.0, "NN_threshold": 0.5, "Area_percentage": 0.7}, "5": {"x1": 338.2038879394531, "y1": 93.2265625, "x2": 344.53662109375, "y2": 99.03094482421875, "classId": "car", "frame_number": 1330.0, "NN_threshold": 0.5, "Area_percentage": 0.7}}