{"0": {"x1": 402.04571533203125, "y1": 123.3719253540039, "x2": 426.6471252441406, "y2": 141.0845184326172, "classId": "car", "frame_number": 1730.0, "NN_threshold": 0.5, "Area_percentage": 0.5}, "1": {"x1": 361.6435546875, "y1": 103.76726531982422, "x2": 370.84930419921875, "y2": 111.45897674560547, "classId": "car", "frame_number": 1730.0, "NN_threshold": 0.5, "Area_percentage": 0.5}, "2": {"x1": 349.5550537109375, "y1": 108.22164916992188, "x2": 360.177490234375, "y2": 115.88845825195312, "classId": "car", "frame_number": 1730.0, "NN_threshold": 0.5, "Area_percentage": 0.5}, "3": {"x1": 288.9577331542969, "y1": 94.826904296875, "x2": 294.86517333984375, "y2": 99.89654541015625, "classId": "car", "frame_number": 1730.0, "NN_threshold": 0.5, "Area_percentage": 0.5}, "4": {"x1": 346.36053466796875, "y1": 96.44416046142578, "x2": 351.0769348144531, "y2": 100.62582397460938, "classId": "car", "frame_number": 1730.0, "NN_threshold": 0.5, "Area_percentage": 0.5}, "5": {"x1": 298.3249816894531, "y1": 94.72128295898438, "x2": 302.5857849121094, "y2": 99.14154815673828, "classId": "car", "frame_number": 1730.0, "NN_threshold": 0.5, "Area_percentage": 0.5}}