{"0": {"x1": 448.0102233886719, "y1": 204.01998901367188, "x2": 508.53094482421875, "y2": 245.06971740722656, "classId": "car", "frame_number": 1450.0, "NN_threshold": 0.6, "Area_percentage": 0.8}, "1": {"x1": 247.4134521484375, "y1": 106.15067291259766, "x2": 261.6916198730469, "y2": 117.2603759765625, "classId": "car", "frame_number": 1450.0, "NN_threshold": 0.6, "Area_percentage": 0.8}, "2": {"x1": 349.3311767578125, "y1": 94.82215881347656, "x2": 356.8713073730469, "y2": 102.1942138671875, "classId": "car", "frame_number": 1450.0, "NN_threshold": 0.6, "Area_percentage": 0.8}, "3": {"x1": 375.8944091796875, "y1": 108.75115203857422, "x2": 389.148193359375, "y2": 119.00515747070312, "classId": "car", "frame_number": 1450.0, "NN_threshold": 0.6, "Area_percentage": 0.8}}