{"0": {"x1": 389.7278137207031, "y1": 107.65415954589844, "x2": 407.4538879394531, "y2": 119.05975341796875, "classId": "car", "frame_number": 530.0, "NN_threshold": 0.7, "Area_percentage": 0.5}, "1": {"x1": 265.2503662109375, "y1": 88.09800720214844, "x2": 275.59515380859375, "y2": 97.49771118164062, "classId": "car", "frame_number": 530.0, "NN_threshold": 0.7, "Area_percentage": 0.5}, "2": {"x1": 298.0990905761719, "y1": 73.5592041015625, "x2": 303.7676086425781, "y2": 80.49966430664062, "classId": "car", "frame_number": 530.0, "NN_threshold": 0.7, "Area_percentage": 0.5}, "3": {"x1": 350.48455810546875, "y1": 93.59571838378906, "x2": 361.03289794921875, "y2": 102.07145690917969, "classId": "car", "frame_number": 530.0, "NN_threshold": 0.7, "Area_percentage": 0.5}}