{"0": {"x1": 426.4613037109375, "y1": 169.44778442382812, "x2": 474.6549072265625, "y2": 204.7654266357422, "classId": "car", "frame_number": 990.0, "NN_threshold": 0.5, "Area_percentage": 0.6}, "1": {"x1": 387.4179992675781, "y1": 110.1659164428711, "x2": 401.4556579589844, "y2": 119.80294799804688, "classId": "car", "frame_number": 990.0, "NN_threshold": 0.5, "Area_percentage": 0.6}, "2": {"x1": 338.9749755859375, "y1": 88.11981964111328, "x2": 346.6820983886719, "y2": 93.7248764038086, "classId": "car", "frame_number": 990.0, "NN_threshold": 0.5, "Area_percentage": 0.6}, "3": {"x1": 288.0804443359375, "y1": 81.55451202392578, "x2": 295.7314147949219, "y2": 89.68815612792969, "classId": "car", "frame_number": 990.0, "NN_threshold": 0.5, "Area_percentage": 0.6}, "4": {"x1": 337.50836181640625, "y1": 84.08647918701172, "x2": 345.8513488769531, "y2": 90.25818634033203, "classId": "car", "frame_number": 990.0, "NN_threshold": 0.5, "Area_percentage": 0.6}}