{"0": {"x1": 442.0860290527344, "y1": 140.85548400878906, "x2": 474.819091796875, "y2": 163.71942138671875, "classId": "car", "frame_number": 950.0, "NN_threshold": 0.7, "Area_percentage": 0.7}, "1": {"x1": 343.7671813964844, "y1": 93.14349365234375, "x2": 352.5224914550781, "y2": 99.59149169921875, "classId": "car", "frame_number": 950.0, "NN_threshold": 0.7, "Area_percentage": 0.7}, "2": {"x1": 291.9967956542969, "y1": 83.18811798095703, "x2": 298.6837463378906, "y2": 88.85721588134766, "classId": "car", "frame_number": 950.0, "NN_threshold": 0.7, "Area_percentage": 0.7}}