{"0": {"x1": 441.10638427734375, "y1": 141.91224670410156, "x2": 474.9037170410156, "y2": 166.24612426757812, "classId": "car", "frame_number": 1390.0, "NN_threshold": 0.7, "Area_percentage": 0.8}, "1": {"x1": 365.8338928222656, "y1": 101.6736068725586, "x2": 376.1120300292969, "y2": 111.22632598876953, "classId": "car", "frame_number": 1390.0, "NN_threshold": 0.7, "Area_percentage": 0.8}, "2": {"x1": 272.4683532714844, "y1": 97.13721466064453, "x2": 281.3691711425781, "y2": 104.50359344482422, "classId": "car", "frame_number": 1390.0, "NN_threshold": 0.7, "Area_percentage": 0.8}, "3": {"x1": 360.6048278808594, "y1": 99.33351135253906, "x2": 369.88800048828125, "y2": 106.42105102539062, "classId": "car", "frame_number": 1390.0, "NN_threshold": 0.7, "Area_percentage": 0.8}}