{"0": {"x1": 398.1242370605469, "y1": 112.14120483398438, "x2": 418.4952087402344, "y2": 125.1706314086914, "classId": "car", "frame_number": 520.0, "NN_threshold": 0.6, "Area_percentage": 0.7}, "1": {"x1": 353.3893737792969, "y1": 96.08131408691406, "x2": 363.9383850097656, "y2": 105.25859832763672, "classId": "car", "frame_number": 520.0, "NN_threshold": 0.6, "Area_percentage": 0.7}, "2": {"x1": 268.769775390625, "y1": 86.92229461669922, "x2": 278.1138000488281, "y2": 94.95662689208984, "classId": "car", "frame_number": 520.0, "NN_threshold": 0.6, "Area_percentage": 0.7}, "3": {"x1": 298.4013977050781, "y1": 73.31818389892578, "x2": 304.1174011230469, "y2": 80.08059692382812, "classId": "car", "frame_number": 520.0, "NN_threshold": 0.6, "Area_percentage": 0.7}, "4": {"x1": 354.2032775878906, "y1": 85.40946197509766, "x2": 365.6961975097656, "y2": 93.2509765625, "classId": "car", "frame_number": 520.0, "NN_threshold": 0.6, "Area_percentage": 0.7}, "5": {"x1": 353.622314453125, "y1": 79.53105163574219, "x2": 366.7269592285156, "y2": 93.4296646118164, "classId": "car", "frame_number": 520.0, "NN_threshold": 0.6, "Area_percentage": 0.7}}