{"0": {"x1": 432.89862060546875, "y1": 177.62884521484375, "x2": 487.9325866699219, "y2": 215.94049072265625, "classId": "car", "frame_number": 690.0, "NN_threshold": 0.7, "Area_percentage": 0.6}, "1": {"x1": 430.4189453125, "y1": 113.0321273803711, "x2": 498.7884521484375, "y2": 163.84544372558594, "classId": "truck", "frame_number": 690.0, "NN_threshold": 0.7, "Area_percentage": 0.6}, "2": {"x1": 365.52203369140625, "y1": 95.44282531738281, "x2": 375.56549072265625, "y2": 103.27996826171875, "classId": "car", "frame_number": 690.0, "NN_threshold": 0.7, "Area_percentage": 0.6}, "3": {"x1": 345.0909729003906, "y1": 83.77779388427734, "x2": 351.3650207519531, "y2": 89.81444549560547, "classId": "car", "frame_number": 690.0, "NN_threshold": 0.7, "Area_percentage": 0.6}, "4": {"x1": 280.4532470703125, "y1": 78.95147705078125, "x2": 291.2978210449219, "y2": 91.35743713378906, "classId": "truck", "frame_number": 690.0, "NN_threshold": 0.7, "Area_percentage": 0.6}}