{"0": {"x1": 387.1419677734375, "y1": 132.23934936523438, "x2": 415.74273681640625, "y2": 152.76925659179688, "classId": "car", "frame_number": 710.0, "NN_threshold": 0.7, "Area_percentage": 0.8}, "1": {"x1": 403.9322204589844, "y1": 100.85065460205078, "x2": 445.30609130859375, "y2": 135.56863403320312, "classId": "truck", "frame_number": 710.0, "NN_threshold": 0.7, "Area_percentage": 0.8}, "2": {"x1": 277.4617919921875, "y1": 77.12955474853516, "x2": 287.4690856933594, "y2": 92.54169464111328, "classId": "truck", "frame_number": 710.0, "NN_threshold": 0.7, "Area_percentage": 0.8}, "3": {"x1": 342.83575439453125, "y1": 82.3085708618164, "x2": 348.7978210449219, "y2": 87.92203521728516, "classId": "car", "frame_number": 710.0, "NN_threshold": 0.7, "Area_percentage": 0.8}, "4": {"x1": 360.57830810546875, "y1": 91.70574188232422, "x2": 368.74078369140625, "y2": 98.83503723144531, "classId": "car", "frame_number": 710.0, "NN_threshold": 0.7, "Area_percentage": 0.8}}