{"0": {"x1": 370.82098388671875, "y1": 93.68396759033203, "x2": 391.98291015625, "y2": 112.74093627929688, "classId": "truck", "frame_number": 1110.0, "NN_threshold": 0.8, "Area_percentage": 0.7}, "1": {"x1": 268.2017822265625, "y1": 88.87249755859375, "x2": 282.058837890625, "y2": 101.4432601928711, "classId": "car", "frame_number": 1110.0, "NN_threshold": 0.8, "Area_percentage": 0.7}, "2": {"x1": 348.9291687011719, "y1": 95.68988037109375, "x2": 356.4684143066406, "y2": 103.35774230957031, "classId": "car", "frame_number": 1110.0, "NN_threshold": 0.8, "Area_percentage": 0.7}}