{"0": {"x1": 232.72042846679688, "y1": 98.84154510498047, "x2": 246.4459991455078, "y2": 110.01827239990234, "classId": "car", "frame_number": 170.0, "NN_threshold": 0.6, "Area_percentage": 0.5}, "1": {"x1": 367.9166259765625, "y1": 88.35721588134766, "x2": 379.546630859375, "y2": 97.97561645507812, "classId": "car", "frame_number": 170.0, "NN_threshold": 0.6, "Area_percentage": 0.5}, "2": {"x1": 292.1434326171875, "y1": 75.5421371459961, "x2": 297.8084716796875, "y2": 79.55489349365234, "classId": "car", "frame_number": 170.0, "NN_threshold": 0.6, "Area_percentage": 0.5}, "3": {"x1": 262.8112487792969, "y1": 98.48003387451172, "x2": 275.04974365234375, "y2": 108.97341918945312, "classId": "car", "frame_number": 170.0, "NN_threshold": 0.6, "Area_percentage": 0.5}}