{"0": {"x1": 61.412391662597656, "y1": 104.4721450805664, "x2": 190.20166015625, "y2": 201.10427856445312, "classId": "truck", "frame_number": 880.0, "NN_threshold": 0.5, "Area_percentage": 0.6}, "1": {"x1": 352.1139221191406, "y1": 99.827392578125, "x2": 362.3511962890625, "y2": 109.68435668945312, "classId": "car", "frame_number": 880.0, "NN_threshold": 0.5, "Area_percentage": 0.6}, "2": {"x1": 354.27276611328125, "y1": 90.54974365234375, "x2": 360.9957580566406, "y2": 97.02253723144531, "classId": "car", "frame_number": 880.0, "NN_threshold": 0.5, "Area_percentage": 0.6}, "3": {"x1": 360.3766784667969, "y1": 109.99417877197266, "x2": 374.8731689453125, "y2": 120.72502899169922, "classId": "car", "frame_number": 880.0, "NN_threshold": 0.5, "Area_percentage": 0.6}, "4": {"x1": 345.7829895019531, "y1": 93.51459503173828, "x2": 353.61248779296875, "y2": 101.07047271728516, "classId": "car", "frame_number": 880.0, "NN_threshold": 0.5, "Area_percentage": 0.6}, "5": {"x1": 346.8299865722656, "y1": 83.94145965576172, "x2": 355.0797119140625, "y2": 91.8867416381836, "classId": "car", "frame_number": 880.0, "NN_threshold": 0.5, "Area_percentage": 0.6}, "6": {"x1": 353.0807189941406, "y1": 90.787353515625, "x2": 361.5977478027344, "y2": 103.51546478271484, "classId": "car", "frame_number": 880.0, "NN_threshold": 0.5, "Area_percentage": 0.6}}