{"0": {"x1": 281.9532165527344, "y1": 97.94611358642578, "x2": 288.44287109375, "y2": 103.25831604003906, "classId": "car", "frame_number": 1780.0, "NN_threshold": 0.7, "Area_percentage": 0.8}, "1": {"x1": 342.6623229980469, "y1": 101.66055297851562, "x2": 349.8258361816406, "y2": 106.93169403076172, "classId": "car", "frame_number": 1780.0, "NN_threshold": 0.7, "Area_percentage": 0.8}, "2": {"x1": 371.6686706542969, "y1": 109.29048919677734, "x2": 384.2770690917969, "y2": 118.06108856201172, "classId": "car", "frame_number": 1780.0, "NN_threshold": 0.7, "Area_percentage": 0.8}, "3": {"x1": 352.15924072265625, "y1": 98.41168212890625, "x2": 358.28271484375, "y2": 104.14629364013672, "classId": "car", "frame_number": 1780.0, "NN_threshold": 0.7, "Area_percentage": 0.8}, "4": {"x1": 292.9006042480469, "y1": 97.59666442871094, "x2": 298.67938232421875, "y2": 103.0691909790039, "classId": "car", "frame_number": 1780.0, "NN_threshold": 0.7, "Area_percentage": 0.8}}