{"0": {"x1": 542.0364990234375, "y1": 201.78936767578125, "x2": 600.0, "y2": 248.35379028320312, "classId": "car", "frame_number": 1610.0, "NN_threshold": 0.7, "Area_percentage": 0.7}, "1": {"x1": 340.5566101074219, "y1": 99.89038848876953, "x2": 347.7518005371094, "y2": 104.55281066894531, "classId": "car", "frame_number": 1610.0, "NN_threshold": 0.7, "Area_percentage": 0.7}, "2": {"x1": 373.5382995605469, "y1": 110.72843170166016, "x2": 385.4641418457031, "y2": 119.28350067138672, "classId": "car", "frame_number": 1610.0, "NN_threshold": 0.7, "Area_percentage": 0.7}, "3": {"x1": 342.42230224609375, "y1": 92.45082092285156, "x2": 348.2825622558594, "y2": 98.67910766601562, "classId": "car", "frame_number": 1610.0, "NN_threshold": 0.7, "Area_percentage": 0.7}}