{"0": {"x1": 436.7908630371094, "y1": 143.16452026367188, "x2": 468.6765441894531, "y2": 163.34765625, "classId": "car", "frame_number": 1550.0, "NN_threshold": 0.8, "Area_percentage": 0.6}, "1": {"x1": 348.0191955566406, "y1": 104.4519271850586, "x2": 357.9718933105469, "y2": 112.60191345214844, "classId": "car", "frame_number": 1550.0, "NN_threshold": 0.8, "Area_percentage": 0.6}, "2": {"x1": 350.03790283203125, "y1": 94.866455078125, "x2": 356.4894104003906, "y2": 100.30938720703125, "classId": "car", "frame_number": 1550.0, "NN_threshold": 0.8, "Area_percentage": 0.6}, "3": {"x1": 335.0453796386719, "y1": 90.27790832519531, "x2": 339.35833740234375, "y2": 94.21846771240234, "classId": "car", "frame_number": 1550.0, "NN_threshold": 0.8, "Area_percentage": 0.6}}