{"0": {"x1": 490.9443664550781, "y1": 159.4852752685547, "x2": 538.518798828125, "y2": 190.85098266601562, "classId": "car", "frame_number": 590.0, "NN_threshold": 0.6, "Area_percentage": 0.6}, "1": {"x1": 225.6506805419922, "y1": 103.87409973144531, "x2": 244.40650939941406, "y2": 118.0396499633789, "classId": "car", "frame_number": 590.0, "NN_threshold": 0.6, "Area_percentage": 0.6}, "2": {"x1": 362.5065002441406, "y1": 92.6949234008789, "x2": 372.725830078125, "y2": 99.43017578125, "classId": "car", "frame_number": 590.0, "NN_threshold": 0.6, "Area_percentage": 0.6}, "3": {"x1": 341.84405517578125, "y1": 87.42992401123047, "x2": 348.18865966796875, "y2": 92.67794036865234, "classId": "car", "frame_number": 590.0, "NN_threshold": 0.6, "Area_percentage": 0.6}, "4": {"x1": 344.59136962890625, "y1": 78.09986114501953, "x2": 353.9018249511719, "y2": 86.78223419189453, "classId": "car", "frame_number": 590.0, "NN_threshold": 0.6, "Area_percentage": 0.6}}