{"0": {"x1": 407.82452392578125, "y1": 122.47075653076172, "x2": 427.1613464355469, "y2": 137.02264404296875, "classId": "car", "frame_number": 970.0, "NN_threshold": 0.8, "Area_percentage": 0.8}, "1": {"x1": 341.8110046386719, "y1": 93.27995300292969, "x2": 349.1656188964844, "y2": 98.05131530761719, "classId": "car", "frame_number": 970.0, "NN_threshold": 0.8, "Area_percentage": 0.8}}