{"0": {"x1": 381.8136291503906, "y1": 88.06095886230469, "x2": 414.9810791015625, "y2": 117.77559661865234, "classId": "truck", "frame_number": 430.0, "NN_threshold": 0.7, "Area_percentage": 0.6}, "1": {"x1": 466.96124267578125, "y1": 205.46192932128906, "x2": 544.1072998046875, "y2": 253.06842041015625, "classId": "car", "frame_number": 430.0, "NN_threshold": 0.7, "Area_percentage": 0.6}, "2": {"x1": 36.42348098754883, "y1": 162.7418670654297, "x2": 104.0152816772461, "y2": 211.69883728027344, "classId": "car", "frame_number": 430.0, "NN_threshold": 0.7, "Area_percentage": 0.6}}