{"0": {"x1": 358.9787292480469, "y1": 89.36846160888672, "x2": 368.2428283691406, "y2": 94.36226654052734, "classId": "car", "frame_number": 340.0, "NN_threshold": 0.8, "Area_percentage": 0.8}, "1": {"x1": 253.99835205078125, "y1": 91.18607330322266, "x2": 265.80511474609375, "y2": 101.67313385009766, "classId": "car", "frame_number": 340.0, "NN_threshold": 0.8, "Area_percentage": 0.8}}